linha_origem,Munícipios,EstacaoCodigo,Rios,Coordenadas (UTM),Altitude (m),Campanha,Periodo certificação,Ano,Data,Hora,Temp Ar,Temp Amostra,pH,Turbidez,Condutividade Eletrica,DBO,OD,OD (%),SolSuspensaoTotais,SolDissolvidosTotais,FosfatoTotal,NitrogenioTotal,NitrogenioAmoniacal,Nitratos,ColiformesTotais,AlcalinidadeTotal,CarbonoOrganicoTotal,OrtofosfatoTotal,DescargaLiquida,FosforoTotal,IQA,ColiformesTermotolerantes,Escherichia,CondutividadeEspecifica,Cloreto,Ortofosfato Dissolvido,IQA %,IQA CETESB
2,PORTO ACRE ,13610001,ACRE,,,Primeira,Primeiro,2016,2016-08-23,12:30,40.36,36.48,6.62,707.3775,,,8.7644,,,,,,,,,,,,29,,,<1,,0.1,,,,
3,RIO BRANCO,13601000,ACRE,,,Primeira,Primeiro,2016,2016-08-24,13:08,33.52,28.26,7.95,20.5566,,,7.5631,,,,,,,,,,,,,,,<1,,130.262,,,,
4,SENADOR GUIOMARD,13770000,IQUIRI,,,Primeira,Primeiro,2016,2016-08-25,13:37,31.43,26.68,7.37,72.9431,,,7.4126,,,,,,,,,,,,1,,,,,8.741,,,,
5,BRASILEIA,13459000,ACRE,,,Primeira,Primeiro,2016,2016-08-26,06:37,29.8,25.76,7.64,46.3196,,,7.3192,,,,,,,,,,,,,,,<1,,102.637,,,,
6,ASSIS BRASIL,13438000,ACRE,,,Primeira,Primeiro,2016,2016-08-26,09:55,34.23,29.98,7.74,39.8314,,,7.508,,,,,,,,,,,,4,,,<1,,288.28,,,,
7,PLACIDO DE CASTRO,15324300,ABUNA,,,Primeira,Primeiro,2016,2016-08-26,11:47,37.78,28,6.4,56.6373,,,7.0618,,,,,,,,,,,,10,,,,,31.537,,,,
8,XAPURI,13550001,ACRE,,,Primeira,Primeiro,2016,2016-08-26,20:47,31.89,29.33,7.38,63.1038,,,8.237,,,,,,,,,,,,,,,<1,,115.349,,,,
9,SENA MADUREIRA,13408000,IACO,,,Primeira,Primeiro,2016,2016-09-28, 09:02:00,35.9,31.15,8.37,85.8394,,,7.4162,,,,,,,,,,,,15,,,,,420.327,,,,
10,MANOEL URBANO ,13190000,PURUS,,,Primeira,Primeiro,2016,2016-09-29,05:48,26.1,30.07,7.05,44.5663,,,8.0001,,,,,,,,,,,,111,,,,,377.747,,,,
11,JORDAO,12557000,TARAUACA,,,Primeira,Primeiro,2016,2016-10-12,13:26,31.9,29.58,7.77,132.3087,,,9.4889,,,,,,,,,,,,40,,,,,268.975,,,,
12,MARECHAL THAUMATURGO,12369000,JURUA,,,Primeira,Primeiro,2016,2016-10-12,15:06,29.21,27.74,7.08,308.94431,,,5.1248,,,,,,,,,,,,271,,,,,191.197,,,,
13,PORTO WALTER,12389000,JURUA,,,Primeira,Primeiro,2016,2016-10-13,20:05,26.35,28.06,7.56,138.45261,,,6.2874,,,,,,,,,,,,180,,,,,143.359,,,,
14,MANCIO LIMA,12430000,MOA,,,Primeira,Primeiro,2016,2016-10-10,10:07,25.94,27.6,6.05,52.7142,,,6.927,,,,,,,,,,,,24,,,,,48.903,,,,
15,CRUZEIRO DO SUL,12500004,JURUA,,,Primeira,Primeiro,2016,2016-10-14,08:14,28.9,26.7,7.43,140.851,,,5.7246,,,,,,,,,,,,170,,,,,69.313,,,,
16,TARAUACA,12600002,TARAUACA,,,Primeira,Primeiro,2016,2016-10-15,15:22,29.9,29.94,7.76,319.8407,,,8.2533,,,,,,,,,,,,231,,,,,175.781,,,,
17,FEIJO,12660000,ENVIRA,,,Primeira,Primeiro,2016,2016-10-19,08:20,36.1,31.68,7.91,149.362,,,8.4703,,,,,,,,,,,,116,,,,,314.893,,,,
18,ASSIS BRASIL,13438000,ACRE,,,Segunda,Primeiro,2017,2017-01-09,12:53,31.37,26.98,6.33,270.71671,,,6.5149,,,,,,,,,,,,46,,,<1,,60.854,,,,
19,BRASILEIA,13459000,ACRE,,,Segunda,Primeiro,2017,2017-01-10,08:20,27.56,25.73,5.9,521.15277,,,6.6896,,,,,,,,,,,,,,,<1,,50.328,,,,
20,XAPURI,13550001,ACRE,,,Segunda,Primeiro,2017,2017-01-10,10:08,27.05,26.28,6.79,407.32321,,,6.2401,,,,,,,,,,,,,,,<1,,75.103,,,,
21,PLACIDO DE CASTRO,15324300,ABUNA,,,Segunda,Primeiro,2017,2017-01-10,13:58,30.45,26.51,6.36,110.1691,,,5.8777,,,,,,,,,,,,112,,,,,24.301,,,,
22,RIO BRANCO,13601000,ACRE,,,Segunda,Primeiro,2017,2017-01-12,08:46,28.7,26.7,6.81,269.33609,,,4.7574,,,,,,,,,,,,,,,<1,,56.618,,,,
23,SENADOR GUIOMARD,13770000,IQUIRI,,,Segunda,Primeiro,2017,2017-01-16,10:25,28.89,25.33,5.82,36.184,,,4.1211,,,,,,,,,,,,21,,,,,19.755,,,,
24,MANCIO LIMA,12430000,MOA,,,Segunda,Primeiro,2017,2017-01-17,09:56,26.7,25.01,,12.283,,,1.3008,,,,,,,,,,,,296,,,,,21.612,,,,
25,CRUZEIRO DO SUL ,12500004,JURUA,,,Segunda,Primeiro,2017,2017-01-17,14:38,30.5,25.11,,142.814,,,3.1001,,,,,,,,,,,,2689,,,,,41.357,,,,
26,PORTO ACRE ,13610001,ACRE,,,Segunda,Primeiro,2017,2017-01-18,10:22,27.3,26.13,6.66,256.48209,,,5.2214,,,,,,,,,,,,628,,,<1,,48.404,,,,
27,TARAUACA,12600002,TARAUACA,,,Segunda,Primeiro,2017,2017-01-19, 06:20:00,27.1,25.8,,571.70728,,,5.5068,,,,,,,,,,,,631,,,,,165.895,,,,
28,FEIJO,12660000,ENVIRA,,,Segunda,Primeiro,2017,2017-01-19,12:55,35.6,25.53,8.61,553.16022,,,4.7734,,,,,,,,,,,,1468,,,,,212.9,,,,
29,MANOEL URBANO ,13190000,PURUS,,,Segunda,Primeiro,2017,2017-01-20,05:37,26.9,25.64,7.76,609.0816,,,5.4261,,,,,,,,,,,,1492,,,,,155.278,,,,
30,SENA MADUREIRA,13408000,IACO,,,Segunda,Primeiro,2017,2017-01-20,11:15,35.3,26.32,8.11,337.1922,,,5.7381,,,,,,,,,,,,447,,,,,88.876,,,,
31,ASSIS BRASIL,13438000,ACRE,,,Primeira,Segundo,2017,2017-03-28,17:40,,26.072,6.8551,246.51489,,,6.8362,,,,,,,,,,,,,,,<1,,,,,,
32,XAPURI,13550001,ACRE,,,Primeira,Segundo,2017,2017-03-29,12:26,,27.0382,7.2339,573.112,,,6.4904,,,,,,,,,,,,,,,<1,,,,,,
33,BRASILEIA,13459000,ACRE,,,Primeira,Segundo,2017,2017-03-30,10:44,,26.0537,5.9872,33.4488,,,3.945,,,,,,,,,,,,,,,<1,,,,,,
34,JORDAO,12557000,TARAUACA,,,Primeira,Segundo,2017,2017-03-30,14:44,,26.0537,5.9872,33.4488,21.1709,,3.945,,,,,,,,,,,,,,,,,,,,,
35,SENA MADUREIRA,13408000,IACO,,,Primeira,Segundo,2017,2017-03-31, 11:26:00,,27.2734,7.245,470.73749,85.9627,,5.7213,,,,,,,,,,,,,,,,,,,,,
36,TARAUACA,12600002,TARAUACA,,,Primeira,Segundo,2017,2017-04-01, 07:09:00,,26.5652,7.9708,722.73798,156.2657,,5.7781,,,,,,,,,,,,,,,,,,,,,
37,FEIJO,12660000,ENVIRA,,,Primeira,Segundo,2017,2017-04-01, 15:33:00,,27.2435,8.0488,375.6882,201.3365,,5.3349,,,,,,,,,,,,,,,,,,,,,
38,PORTO ACRE ,13610001,ACRE,,,Primeira,Segundo,2017,2017-04-02, 08:50:00,,25.9737,7.63,74.4948,45.8538,,5.6755,,,,,,,,,,,,,,,<1,,,,,,
39,MANOEL URBANO ,13190000,PURUS,,,Primeira,Segundo,2017,2017-04-02,12:13,,27.3198,7.7634,348.1106,61.2983,,5.1542,,,,,,,,,,,,,,,,,,,,,
40,MANCIO LIMA,12430000,MOA,,,Primeira,Segundo,2017,2017-04-05,17:21,,25.6215,6.1122,8.4059,26.5402,,3.3653,,,,,,,,,,,,,,,,,,,,,
41,CRUZEIRO DO SUL ,12500004,JURUA,,,Primeira,Segundo,2017,2017-04-06,10:13,,25.9877,6.9435,538.23621,86.192,,3.6753,,,,,,,,,,,,,,,,,,,,,
42,PLACIDO DE CASTRO,15324300,ABUNA,,,Primeira,Segundo,2017,2017-04-08, 08:11:00,,27.8051,7.6786,326.2413,213.1813,,5.8115,,,,,,,,,,,,,,,,,,,,,
43,SENADOR GUIOMARD,13770000,IQUIRI,,,Primeira,Segundo,2017,2017-04-19,08:15,,25.5638,8.6355,170.6748,289.379,,7.3837,,,,,,,,,,,,,,,,,,,,,
44,MARECHAL THAUMATURGO ,12369000,JURUA,,,Primeira,Segundo,2017,2017-04-20,07:10,,27.2071,7.93,228.4675,303.66449,,6.4389,,,,,,,,,,,,,,,,,,,,,
45,PORTO WALTER ,12389000,JURUA,,,Primeira,Segundo,2017,2017-04-20,14:38,,27.6155,7.8091,256.85739,197.9599,,6.1094,,,,,,,,,,,,,,,,,,,,,
46,MANCIO LIMA,12430000,MOA,,,Segunda,Segundo,2017,2017-07-19, 08:48:00,,25.0238,8.1759,43.2763,57.1165,,6.762,,,,,,,,,,,,,,,,,,,,,
47,PORTO WALTER ,12389000,JURUA,,,Primeira,Terceiro,2017,2017-10-27,07:20,,28.9916,7.6642,164.981,208.2467,,7.8012,,,,,,,,,,,,,,,,,,,,,
48,JORDAO,12557000,TARAUACA,,,Primeira,Terceiro,2017,2017-11-01,06:47,,28.9616,7.7721,180.53101,236.8589,,7.5359,,,,,,,,,,,,,,,,,,,,,
49,XAPURI,13550001,ACRE,,,Segunda,Terceiro,2018,2018-02-07,08:35,,26.6975,6.8493,830.59363,,,6.2062,,,,,,,,,,,,,,,<1,,,,,,
50,BRASILEIA,13459000,ACRE,,,Segunda,Terceiro,2018,2018-02-08,07:35,,27.1886,7.0669,666.04468,,,6.5729,,,,,,,,,,,,,,,<1,,,,,,
51,CRUZEIRO DO SUL ,12500004,JURUA,,,Segunda,Terceiro,2018,2018-02-19,1900-01-01,25.4,25.37,6.94,796.32001,88.01,,3.86,,,,,,,,,,,,,,,,,,,,,
52,MANCIO LIMA,12430000,MOA,,,Segunda,Terceiro,2018,2018-02-20,1900-01-01,23.8,25.47,5.84,56.2,23,,4.71,,,,,,,,,,,,,,,,,,,,,
53,PLACIDO DE CASTRO,15324300,ABUNA,,,Segunda,Terceiro,2018,2018-02-27,1900-01-01,25.3,24.63,6.67,32.28,15.25,,5.71,,,,,,,,,,,,,,,,,,,,,
54,SENADOR GUIOMARD,13770000,IQUIRI,,,Segunda,Terceiro,2018,2018-02-28,1900-01-01,24.9,25.12,5.81,29.73,15.48,,4.09,,,,,,,,,,,,,,,,,,,,,
55,XAPURI,13550001,ACRE,,,Primeira,Quarto,2018,2018-05-12,1900-01-01,,27.03,7.17,316.10001,,,6.87,,,,,,,,,,,,,,,<1,,,,,,
56,JORDAO,12557000,TARAUACA,,,Primeira,Quarto,2018,2018-05-25,1900-01-01,25.2,27.2,7.91,38.89,438.45999,,7.27,,,,,,,,,,,,,,,,,,,,,
57,CRUZEIRO DO SUL ,12500004,JURUA,,,Primeira,Quarto,2018,2018-05-26,1900-01-01,,24.13,6.94,186.50999,186.50999,,3.86,,,,,,,,,,,,,,,,,,,,,
58,MANCIO LIMA,12430000,MOA,,,Primeira,Quarto,2018,2018-05-26,1900-01-01,,23.55,5.76,18.64,18.59,,3.96,,,,,,,,,,,,,,,,,,,,,
59,SENADOR GUIOMARD,13770000,IQUIRI,,,Primeira,Quarto,2018,2018-05-31,1900-01-01,,24.23,6.23,19.14,13.92,,6.66,,,,,,,,,,,,,,,,,,,,,
60,PLACIDO DE CASTRO,15324300,ABUNA,,,Primeira,Quarto,2018,2018-05-31,1900-01-01,,24.35,6.43,91.78,16.63,,6.63,,,,,,,,,,,,,,,,,,,,,
61,TARAUACA,12600002,TARAUACA,,,Primeira,Quinto,2018,2018-08-22,07:30,20.52,23.99,8.03,110.8,223.8,,7.43,,0.0668,91.9,,0.04,,,,,,,,0.01,,,,,,,,
62,CRUZEIRO DO SUL ,12500004,JURUA,,,Primeira,Quinto,2018,2018-08-21, 08:30:00,22,27.15,7.23,98.34,94.1,,6.18,,0.0728,49,,0.04,,,,,,,,0.01,,,,,,,,
63,MANCIO LIMA,12430000,MOA,,,Primeira,Quinto,2018,2018-08-21, 10:00:00,25.9,26.89,6.6,63.27,30.33,,6.58,,0.043,16.29,,0.5,,,,,,,,0.01,,,,,,,,
64,FEIJO,12660000,ENVIRA,,,Primeira,Quinto,2018,2018-08-22,09:00,22.62,25.63,8.27,84.44,372.39999,,7.33,,0.06685,154.89999,,0.04,,,,,,,,0.01,,,,,,,,
65,MANOEL URBANO ,13190000,PURUS,,,Primeira,Quinto,2018,2018-08-23,08:12,26.7,26.78,8.32,54.54,329.10001,,7.76,,0.041,133.89999,,2.6,,,,,,,,0.9,,,,,,,,
66,SENA MADUREIRA,13408000,IACO,,,Primeira,Quinto,2018,2018-08-24,08:00,27.15,26.14,7.61,332.26001,208.60001,,5.76,,0.2221,85.7,,3.04,,,,,,,,0.01,,,,,,,,
67,BRASILEIA,13459000,ACRE,,,Primeira,Quinto,2018,2018-08-31,06:32,23.01,26.47,7.68,48.11,,,7.14,,0.03528,45,,0.04,,,,,,,,0.01,,<1,,,,,,
68,ASSIS BRASIL,13438000,ACRE,,,Primeira,Quinto,2018,2018-08-31,08:30,25.49,27.81,8.04,43.02,,,7.3,,0.00448,140.5,,1.1,,,,,,,,0.01,,<1,,,,,,
69,XAPURI,13550001,ACRE,,,Primeira,Quinto,2018,2018-08-31,08:45,26.85,25.6,7.21,120.76,,,7.59,,0.0917,38,,2.2,,,,,,,,1.5,,<1,,,,,,
70,RIO BRANCO,13601000,ACRE,,,Primeira,Quinto,2018,2018-09-03,10:00,27.69,27.02,7.28,173.11,,,6.75,,0.1622,29.6,,2.7,,,,,,,,0.01,,<1,,,,,,
71,SENADOR GUIOMARD,13770000,IQUIRI,,,Primeira,Quinto,2018,2018-09-04,09:23,24.48,22.93,7.84,33.6,16.9,,6.81,,0.02851,8.39,,1.9,,,,,,,,0.01,,,,,,,,
72,PORTO ACRE ,13610001,ACRE,,,Primeira,Quinto,2018,2018-09-05,09:15,23.39,26.46,7.79,127.69,73.6,,6.76,,0.12,31.3,,0.04,,,,,,,81,0.01,,<1,,,,,,
73,PLACIDO DE CASTRO,15324300,ABUNA,,,Primeira,Quinto,2018,2018-09-06, 08:30:00,21.06,24.2,7.01,83.13,20.7,,7.44,,0.05044,9.91,,0.8,,,,,,,25,2.9,,,,,,,,
74,FEIJO,12660000,ENVIRA,,,Segunda,Quinto,2018,2018-11-20,07:37,26.46,27.4,6.54,473.07001,188.10001,,5.3,,0.026,69,,0.04,,,,,,,,0.01,,,,,,,,
75,MANOEL URBANO ,13190000,PURUS,,,Segunda,Quinto,2018,2018-11-20,10:45,27.95,28.92,6.65,217.84,178.60001,,5.98,,0.045,98,,2.2,,,,,,,,0.2,,,,,,,,
76,SENA MADUREIRA,13408000,IACO,,,Segunda,Quinto,2018,2018-11-20,13:35,28.4,26.84,5.66,412.01999,64.1,,5.48,,0.182,92,,2.5,,,,,,,,0.01,,,,,,,,
77,ASSIS BRASIL,13438000,ACRE,,,Segunda,Quinto,2018,2018-11-22,08:40,26.69,26.78,5.98,548.75,,,5.92,,0.0102,54,,0.9,,,,,,,,0.01,,<1,,,,,,
78,BRASILEIA,13459000,ACRE,,,Segunda,Quinto,2018,2018-11-22,10:50,26.89,26.13,5.8,869.57001,,,4.68,,0.0426,62,,0.04,,,,,,,,0.01,,<1,,,,,,
79,XAPURI,13550001,ACRE,,,Segunda,Quinto,2018,2018-11-22,13:25,28.67,27.03,5.86,707.33002,,,4.62,,0.1201,68,,1.2,,,,,,,,6.1,,<1,,,,,,
80,MANCIO LIMA,12430000,MOA,,,Segunda,Quinto,2018,2018-11-24,08:00,27.4,26.7,5.5,40.04,25.9,,3.89,,0.046,18,,0.4,,,,,,,,0.01,,,,,,,,
81,CRUZEIRO DO SUL ,12500004,JURUA,,,Segunda,Quinto,2018,2018-11-24,09:00,26.2,25.6,5.61,268.10999,49.8,,2.46,,0.065,40,,0.04,,,,,,,,0.05,,,,,,,,
82,SENADOR GUIOMARD,13770000,IQUIRI,,,Segunda,Quinto,2018,2018-11-26, 11:20:00,28.48,26.04,5.21,94.04,20.6,,6.07,,0.026,32,,1.6,,,,,,,,0.01,,,,,,,,
83,TARAUACA,12600002,TARAUACA,,,Segunda,Quinto,2018,2018-11-29,07:00,24.8,25.9,4.72,460.82999,116.6,,4.58,,0.042,70,,0.04,,,,,,,,0.01,,,,,,,,
84,PORTO ACRE ,13610001,ACRE,,,Segunda,Quinto,2018,2018-12-06, 08:40:00,26.9,26.7,7.7,280.67001,44.8,,4.94,,,,,,,,,,,,604,,,<1,,,,,,
85,PLACIDO DE CASTRO,15324300,ABUNA,,,Segunda,Quinto,2018,2018-12-08,08:45,25.9,25.6,8.3,75.65,21.1,,6.01,,0.032,42,,0.6,,,,,,,125,1.9,,,,,,,,
86,MARECHAL THAUMATURGO ,12369000,JURUA,,,Segunda,Quinto,2018,2018-12-11, 06:00:00,24.4,27.1,8.77,258.60999,209.5,,6.39,,0.0766,62,,0.04,,,,,,,,0.01,,,,,,,,
87,RIO BRANCO,13601000,ACRE,,,Segunda,Quinto,2018,2018-12-17,09:00,24,27.5,9.54,193.28,,,6.26,,0.162,46,,1.7,,,,,,,,0.1,,<1,,,,,,
88,PORTO WALTER ,12389000,JURUA,,,Segunda,Quinto,2018,2018-12-23, 07:00:00,24.4,25,4.79,490.54999,72.5,,3.94,,0.0682,72,,0.04,,,,,,,,0.01,,,,,,,,
89,JORDAO,12557000,TARAUACA,,,Segunda,Quinto,2018,2018-12-29,10:40,27.7,26.64,6.94,110.73,308.89999,,6.91,,0.0656,90.8,,0.04,,,,,,,,0.01,,,,,,,,
90,MANCIO LIMA,12430000,MOA,,,Primeira,Sexto,2019,2019-02-19,09:00,26.76,25.05,5.26,9.68,,,3.9,,,17.38,,,0.25,,,,,,,0.002,,,,16.9,,,,
91,CRUZEIRO DO SUL ,12500004,JURUA,,,Primeira,Sexto,2019,2019-02-10,10:30,26.9,25.8,6.07,341.10999,,,4.49,,,38.9,,,0.08,,,,,,,0.02,,,,68.7,,,,
92,TARAUACA,12600002,TARAUACA,,,Primeira,Sexto,2019,2019-02-20, 08:00:00,25.67,27.15,7.02,430.45999,,,6.15,,,67.6,,,0.12,,,,,,,0.64,,,,164,,,,
93,FEIJO,12660000,ENVIRA,,,Primeira,Sexto,2019,2019-02-20,14:30,25.45,27.58,7.11,640.29999,,,5.38,,,99,,,0.04,,,,,,,0.002,,,,251.7,,,,
94,MANOEL URBANO ,13190000,PURUS,,,Primeira,Sexto,2019,2019-02-21,10:20,28.34,27,6.52,796.59998,,,4.43,,,17.9,,,1.4,,,,,,,0.12,,,,137.9,,,,
95,SENA MADUREIRA,13408000,IACO,,,Primeira,Sexto,2019,2019-02-21,13:30,26.87,26.67,6.22,920.25,,,3.75,,,59.5,,,1.69,,,,,,,0.002,,,,67.6,,,,
96,PLACIDO DE CASTRO,15324300,ABUNA,,,Primeira,Sexto,2019,2019-02-22,16:50,25.4,25.9,5.59,33.11,,,4.42,,,108.3,,,0.129,,,,,,326,1.59,,,,12.8,,,,
97,PORTO ACRE ,13610001,ACRE,,,Primeira,Sexto,2019,2019-02-23,11:30,27.2,26.6,6.56,230.46001,,,5.32,,,20.1,,,0.94,,,,,,1046,0.128,,<1,,34.3,,,,
98,ASSIS BRASIL,13438000,ACRE,,,Primeira,Sexto,2019,2019-02-26,09:15,26.55,27.9,6.98,152.3,,,6.77,,,68.1,,,1.1,,,,,,,0.002,,<1,,175.2,,,,
99,BRASILEIA,13459000,ACRE,,,Primeira,Sexto,2019,2019-02-26, 13:40:00,28.03,27.65,6.7,311.29999,,,6.7,,,91.9,,,0.04,,,,,,,0.002,,<1,,75.4,,,,
100,XAPURI,13550001,ACRE,,,Primeira,Sexto,2019,2019-02-27, 08:45:00,24.46,26.32,6.67,560.54999,,,5.95,,,22.7,,,0.98,,,,,,,2.11,,<1,,50.8,,,,
101,SENADOR GUIOMARD,13770000,IQUIRI,,,Primeira,Sexto,2019,2019-02-28,09:15,25.39,25.21,5.74,32.2,,,4.59,,,7.84,,,1.2,,,,,,,0.003,,,,12.5,,,,
102,RIO BRANCO,13601000,ACRE,,,Primeira,Sexto,2019,2019-02-28, 11:35:00,29.16,26.79,5.94,230.89999,,,5.38,,,19.22,,,0.88,,,,,,,0.052,,<1,,41.2,,,,
103,PORTO ACRE ,13610001,ACRE,,,Segunda,Sexto,2019,2019-05-02,14:14,29.8,28.1,6.02,269.07999,,,6.01,,,20,,,0.932,,,,,,477,0.13,,<1,,42.6,,,,
104,PLACIDO DE CASTRO,15324300,IQUIRI,,,Segunda,Sexto,2019,2019-05-03,11:00,32.8,26.4,6.02,44.82,,,4.69,,,8.94,,,0.2,,,,,,242,0.031,,,,16.9,,,,
105,ASSIS BRASIL,13438000,ACRE,,,Segunda,Sexto,2019,2019-05-06,15:05,33.9,27.96,7.21,596.90002,,,6.48,,,39.9,,,0.9,,,,,,,0.002,,<1,,91.3,,,,
106,BRASILEIA,13459000,ACRE,,,Segunda,Sexto,2019,2019-05-07, 09:12:00,29.44,26.84,7.1,700.27002,,,6.18,,,36.7,,,0.04,,,,,,,0.02,,<1,,90.7,,,,
107,MARECHAL THAUMATURGO ,12369000,JURUA,,,Segunda,Sexto,2019,2019-05-07,10:00,32.44,27.93,7.53,317.10001,,,6.35,,,16.7,,,0.04,,,,,,,0.061,,,,178.7,,,,
108,XAPURI,13550001,ACRE,,,Segunda,Sexto,2019,2019-05-08, 08:50:00,27.7,26.93,7.11,383.89999,,,6.54,,,28.9,,,0.79,,,,,,,1.86,,<1,,73.1,,,,
109,SENADOR GUIOMARD,13770000,IQUIRI,,,Segunda,Sexto,2019,2019-05-09,09:24,28.71,25.77,5.99,31.8,,,5.51,,,9.55,,,1.3,,,,,,,0.006,,,,16.4,,,,
110,PORTO WALTER ,12389000,JURUA,,,Segunda,Sexto,2019,2019-05-09,09:30,30.4,28.35,7.33,340.5,,,5.96,,,64.2,,,0.012,,,,,,,0.002,,,,163.2,,,,
111,RIO BRANCO,13601000,ACRE,,,Segunda,Sexto,2019,2019-05-10,10:14,28.89,27.06,6.6,233.8,,,6.15,,,17.57,,,0.26,,,,,,,0.04,,<1,,45.4,,,,
112,MANCIO LIMA,12430000,MOA,,,Segunda,Sexto,2019,2019-05-10,15:00,29.46,26.72,6.36,13.52,,,3.86,,,14.77,,,0.11,,,,,,,0.002,,,,34.2,,,,
113,CRUZEIRO DO SUL ,12500004,JURUA,,,Segunda,Sexto,2019,2019-05-11,09:23,28.04,27.89,7.04,166.35001,,,5.02,,,38.9,,,0.3,,,,,,,0.07,,,,97.6,,,,
114,TARAUACA,12600002,TARAUCA,,,Segunda,Sexto,2019,2019-05-14,16:20,22.6,26.35,7.61,240.23,,,6.51,,,91.9,,,0.08,,,,,,,0.05,,,,182.9,,,,
115,FEIJO,12660000,ENVIRA,,,Segunda,Sexto,2019,2019-05-16,09:30,26.76,27.68,7.96,119.8,,,6.69,,,169,,,0.04,,,,,,,0.002,,,,448.5,,,,
116,MANOEL URBANO ,13190000,PURUS,,,Segunda,Sexto,2019,2019-05-17, 12:38:00,26.66,27,7.58,230.14999,,,6.5,,,70.4,,,1.34,,,,,,,0.212,,,,223.2,,,,
117,SENA MADUREIRA,13408000,IACO,,,Segunda,Sexto,2019,2019-05-17, 15:48:00,27.83,26.89,7.27,304.04999,,,6.62,,,28.1,,,1.31,,,,,,,0.002,,,,158.2,,,,
118,JORDAO,12557000,TARAUACA,,,Segunda,Sexto,2019,2019-05-18,08:45,28.03,25.15,8.25,30.61,,,7.83,,,176.8,,,0.22,,,,,,,0.002,,,,451.6,,,,
119,FEIJO,12660000,ENVIRA,,,Primeira,Setimo,2019,2019-08-05,10:00,20.2,25.17,8.23,36.42,,6,7.67,,0.0324,68.3,,1.9,1.2,0.03,1,,,5,,0.022,,,,489.8,,5,,
120,TARAUACA,12600002,TARAUCA,,,Primeira,Setimo,2019,2019-08-05,12:10,21.53,24.58,8.18,36.19,,7,8.39,,0.0316,127.7,,1.2,0.8,0.09,3,,,12,,0.002,,,,361.4,,12,,
121,MANCIO LIMA,12430000,MOA,,,Primeira,Setimo,2019,2019-08-06,09:30,22.4,24.26,6.89,50.7,,,6.57,,0.0223,134.12,,1.6,1.6,0.11,10,,,9.1,,0.021,,,,58.5,,9.1,,
122,CRUZEIRO DO SUL ,12500004,JURUA,,,Primeira,Setimo,2019,2019-08-06,11:06,25.05,25.18,7.57,31.5,,7,7.42,,0.01812,138.2,,2,2,0.08,6.8,,,7.3,,0.121,,,,210.5,,7.3,,
123,MARECHAL THAUMATURGO ,12369000,JURUA,,,Primeira,Setimo,2019,2019-08-09,08:43,26.43,26.44,8.15,16.18,,5,7.07,,0.02142,99.1,,0.6,0.5,0.06,7.4,,,8.1,,0.031,,,,439.3,,8.1,,
124,PORTO WALTER ,12389000,JURUA,,,Primeira,Setimo,2019,2019-08-14,10:00,26.1,28.53,7.82,43.66,,8,6.48,,0.0252,110.2,,0.5,0.5,0.08,3,,,6.1,,0.002,,,,378.1,,6.1,,
125,MANOEL URBANO ,13190000,PURUS,,,Primeira,Setimo,2019,2019-08-16,15:00,31.5,28.65,8.22,27.65,,7,7.94,,0.0211,130.10001,,1.9,1.6,0.02,16.9,,,7.4,,0.031,,,,427,,7.4,,
126,SENA MADUREIRA,13408000,IACO,,,Primeira,Setimo,2019,2019-08-16,17:00,25.1,28.68,8.29,41.2,,7,8.36,,0.0156,112.16,,2.2,1.8,0.1,91.4,,,9.3,,0.026,,,,458.6,,9.3,,
127,ASSIS BRASIL,13438000,ACRE,,,Primeira,Setimo,2019,2019-08-27, 08:20:00,24.32,24.05,8.05,28.2,,9,7.62,,0.01112,97.8,,0.5,0.3,0.06,4.9,,,,,0.022,,<1,,648,,11.16,,
128,BRASILEIA,13459000,ACRE,,,Primeira,Setimo,2019,2019-08-27,11:05,28.27,25.12,7.44,198.27,,8,6.43,,0.01632,78.7,,1.6,1,0.11,8.9,,,,,0.002,,<1,,213.2,,7.3,,
129,XAPURI,13550001,ACRE,,,Primeira,Setimo,2019,2019-08-28,11:30,30.56,27.73,7.58,114.19,,7,6.87,,0.01011,68.1,,1.6,1.2,0.07,3.7,,,,,0.002,,<1,,226.2,,8.3,,
130,RIO BRANCO,13601000,ACRE,,,Primeira,Setimo,2019,2019-09-02,17:13,28.5,30.66,7.45,89.66,,,6.93,,,,,,,,,,,,,0.31,,<1,,110.3,,,,
131,SENADOR GUIOMARD,13770000,IQUIRI,,,Primeira,Setimo,2019,2019-09-03,14:24,27.5,26.7,6.48,41.74,,,6.02,,,,,,,,,,,,2,,,,,19.1,,,,
132,PLACIDO DE CASTRO,15324300,ABUNA,,,Primeira,Setimo,2019,2019-09-04,13:30,31.9,28.5,6.54,84.57,,,7.06,,0.0152,28.9,,0.6,0.5,0.06,3,,,5.7,30,0.021,,,,19.2,,5.7,,
133,PORTO ACRE ,13610001,ACRE,,,Primeira,Setimo,2019,2019-09-05,09:00,28.1,29.9,7.24,43.54,,,6.37,,,,,,,,,,,,51,,,<1,,115.9,,,,
134,JORDAO,12557000,TARAUACA,,,Primeira,Setimo,2019,2019-09-19,08:23,26.89,29.41,8.32,50.48,,,7.3,,,,,,,,,,,,,,,,,695,,,,
135,MANOEL URBANO ,13190000,PURUS,,,Segunda,Setimo,2019,2019-11-12,08:15,26.6,27.29,7.57,7.5,,7,5.58,,0.02002,87.3,,1.8,1.5,0.1,6.9,,,11.2,,0.03,,,,182.3,,11.2,,
136,PORTO ACRE ,13610001,ACRE,,,Segunda,Setimo,2019,2019-11-12,13:30,27,28,6.75,399.70001,,7,5.37,,0.0168,83.1,,0.8,0.6,0.09,2,,,,245,0.023,,<1,,117.1,,7.5,,
137,FEIJO,12660000,ENVIRA,,,Segunda,Setimo,2019,2019-11-14,08:40,26.15,27.12,7.47,308.70999,,9,4.83,,0.0125,134.3,,1,0.9,0.06,4,,,6.1,,0.02,,,,159.5,,6.1,,
138,TARAUACA,12600002,TARAUCA,,,Segunda,Setimo,2019,2019-11-14,06:38,24.67,27,7.49,345.81,,7,5.45,,0.01068,110,,1.8,1.4,0.04,6.1,,,14,,0.026,,,,165.7,,14,,
139,PLACIDO DE CASTRO,15324300,ABUNA,,,Segunda,Setimo,2019,2019-11-18,13:00,27.5,26.5,6.01,131.5,,8,5.7,,0.0168,43.2,,0.5,0.4,0.08,4.11,,,7.3,121,0.021,,,,43.5,,7.3,,
140,CRUZEIRO DO SUL ,12500004,JURUA,,,Segunda,Setimo,2019,2019-11-21,09:25,27.29,26.43,6.7,173.10001,,7,4.29,,0.0096,61.8,,2,2,0.07,8.9,,,11,,0.232,,,,61.1,,11,,
141,MANCIO LIMA,12430000,MOA,,,Segunda,Setimo,2019,2019-11-21,08:30,26.21,25.2,5.86,37.14,,8,3.73,,0.0068,91.4,,1.5,1.4,0.07,3.7,,,13,,0.02,,,,24.5,,13,,
142,RIO BRANCO,13601000,ACRE,,,Segunda,Setimo,2019,2019-11-25,11:30,30.4,26.7,6.58,262.25,,6,4.93,,0.07112,128,,3.2,2,0.09,5.3,,,,,0.213,,<1,,105.1,,8,,
143,SENADOR GUIOMARD,13770000,IQUIRI,,,Segunda,Setimo,2019,2019-11-26,09:10,27,26.19,5.79,49.1,,8,4.59,,0.0029,29.9,,0.5,0.3,0.12,110,,,8.16,13,0.002,,,,44.1,,8.16,,
144,SENA MADUREIRA,13438000,IACO,,,Segunda,Setimo,2019,2019-11-29,08:06,23.63,24.41,7.02,1002,,8,5.41,,0.0143,124.4,,0.4,0.3,0.08,4.9,,,8.7,,0.021,,,,66.3,,8.7,,
145,BRASILEIA,13459000,ACRE,,,Segunda,Setimo,2019,2019-11-29,11:00,24.58,24.47,6.47,789.79999,,8,5.6,,0.01811,89.1,,1.6,0.9,0.06,12.16,,,,,0.0231,,<1,,37.5,,10,,
146,XAPURI,13550001,ACRE,,,Segunda,Setimo,2019,2019-11-30,08:10,26.72,24.81,6.65,725.40002,,11,5.53,,0.0052,33.12,,1,1,0.09,14.18,,,,,0.0321,,<1,,39.3,,7,,
147,RIO BRANCO,13601000,ACRE,,,Primeira,Oitavo,2020,2020-02-17,11:44,29.9,26.8,8.39,145.75999,,6,6.37,79.9,,,,,,,,,,,,,,<1,,,,,,
148,MANCIO LIMA,12430000,MOA,,,Primeira,Oitavo,2020,2020-02-18,08:40,26.9,26.7,6.88,31,,,5.77,,,,,,,,,,,,,,,,,33.8,,,,
149,SENADOR GUIOMARD,13770000,IQUIRI,,,Primeira,Oitavo,2020,2020-02-18, 08:45:00,28.2,26.2,7.26,28.2,,,5.01,,,,,,,,,,,,24,,,,,,,,,
150,PLACIDO DE CASTRO,15324300,ABUNA,,,Primeira,Oitavo,2020,2020-02-18, 09:30:00,31.2,26.4,7.84,34.06,,,5.35,,,,,,,,,,,,369,,,,,15,,,,
151,CRUZEIRO DO SUL ,12500004,JURUA,,,Primeira,Oitavo,2020,2020-02-18, 10:18:00,31.85,26.97,7.47,354,,,5.92,,,,,,,,,,,,,,,,,95.9,,,,
152,PORTO ACRE ,13610001,ACRE,,,Primeira,Oitavo,2020,2020-02-18,13:35,28.4,27.5,7.46,169.5,,,6.36,,,,,,,,,,,,795,,,<1,,37.5,,,,
153,TARAUACA,12600002,TARAUCA,,,Primeira,Oitavo,2020,2020-02-19,09:00,27.61,27.34,7.6,450.92999,,,6.87,,,,,,,,,,,,,,,,,188.7,,,,
154,FEIJO,12660000,ENVIRA,,,Primeira,Oitavo,2020,2020-02-19, 11:20:00,27.41,27.74,7.68,327.54999,,,6.66,,,,,,,,,,,,,,,,,229.3,,,,
155,MANOEL URBANO ,13190000,PURUS,,,Primeira,Oitavo,2020,2020-02-20, 08:30:00,27.01,28.35,7.61,365.25,,,6.86,,,,,,,,,,,,,,,,,177.3,,,,
156,SENA MADUREIRA,13408000,IACO,,,Primeira,Oitavo,2020,2020-02-20,10:43,30.32,27.34,6.94,455.29999,,,6.64,,,,,,,,,,,,,,,,,78.5,,,,
157,ASSIS BRASIL,13438000,ACRE,,,Primeira,Oitavo,2020,2020-02-28, 08:30:00,26.28,26.56,7.48,408.10999,,,7.43,,,,,,,,,,,,,,,<1,,111.3,,,,
158,BRASILEIA,13459000,ACRE,,,Primeira,Oitavo,2020,2020-02-28, 11:00:00,30,26.64,6.74,362.82001,,,7.09,,,,,,,,,,,,,,,<1,,50.3,,,,
159,XAPURI,13550001,ACRE,,,Primeira,Oitavo,2020,2020-02-29,08:10,25.24,26.7,6.77,403.75,,,6.72,,,,,,,,,,,,,,,<1,,48.2,,,,
160,MARECHAL THAUMATURGO ,12369000,JURUA,,,Primeira,Oitavo,2020,2020-03-04,10:25,30.38,27.62,7.3,502.25,,,6.16,,,,,,,,,,,,,,,,,156.4,,,,
161,PORTO WALTER ,12389000,JURUA,,,Primeira,Oitavo,2020,2020-03-06,09:15,24.91,27.7,7.28,471.75,,,6.51,,,,,,,,,,,,,,,,,134.2,,,,
162,JORDAO,12557000,TARAUACA,,,Primeira,Oitavo,2020,2020-03-12,10:00,27.6,25.7,7.57,367.89999,,,7.56,,,,,,,,,,,,,,,,,222.5,,,,
163,ASSIS BRASIL,13438000,ACRE,,,Segunda,Oitavo,2020,2020-11-05,08:25,29.14,28.58,8.02,36.5,,5,8.35,,0.01235,114.8,,0.2,0.2,0.06,65.9,,,,,0.011,,<1,,231.4,,0,,
164,BRASILEIA,13459000,ACRE,,,Segunda,Oitavo,2020,2020-11-05,11:55,29.58,30.01,7.53,122.93,,7,7.5,,0.0068,49.8,,0.5,0.3,0.05,62.4,,,,,0.0132,,<1,,96.3,,0.8,,
165,XAPURI,13550001,ACRE,,,Segunda,Oitavo,2020,2020-11-06,08:50,29.18,28.82,7.33,63.98,,8,7.48,,0.0058,41.2,,0.4,0.6,0.08,144,,,,,0.0102,,<1,,74.3,,0.6,,
166,JORDAO,12557000,TARAUACA,,,Segunda,Oitavo,2020,2020-11-19,11:35,28.09,30.19,8.03,63.3,,9,7.46,,0.0048,107.7,,0.23,0.2,0.08,101.3,,,0.34,,0.0012,,,48,220.5,,0.34,,
167,MARECHAL THAUMATURGO ,12369000,JURUA,,,Segunda,Oitavo,2020,2020-11-25,08:06,27.03,27.35,7.35,55.21,,10,5.96,,0.03,132.10001,,0.24,0.2,0.11,73.8,,,,,0.0042,,,16,121.5,,0,,
168,PORTO WALTER ,12389000,JURUA,,,Segunda,Oitavo,2020,2020-11-27,08:17,25,27.65,7.3,61.97,,5,5.75,,0.0102,56,,0.62,0.6,0.05,30.6,,,,,0.0231,,,11,106.1,,0,,
169,MANCIO LIMA,12430000,MOA,,,Segunda,Oitavo,2020,2020-11-30,09:20,27.58,27.32,6.65,17.4,,6,6.79,,0.0058,23.8,,0.9,0.6,0.12,118.1,,,0.8,,0.0423,,,19,37.2,,0.8,,
170,CRUZEIRO DO SUL ,12500004,JURUA,,,Segunda,Oitavo,2020,2020-11-30,10:50,29.9,27.45,7.04,55.8,,11,5.98,,0.004,38.8,,1.1,0.8,0.16,129.8,,,,,0.0132,,,53,69.7,,0,,
171,TARAUACA,12600002,TARAUACA,,,Segunda,Oitavo,2020,2020-12-01,09:20,26.6,27.55,7.57,101.75,,7,6.75,,0.0069,59.3,,1.2,1,0.12,50.4,,,,,0.0039,,,22,129.6,,0,,
172,FEIJO,12660000,ENVIRA,,,Segunda,Oitavo,2020,2020-12-02,10:00,26.2,28.52,7.71,83.9,,8,6.5,,0.0068,84.8,,0.8,0.6,0.1,94.5,,,1.8,,0.0013,,,32,164.7,,1.8,,
173,MANOEL URBANO ,13190000,PURUS,,,Segunda,Oitavo,2020,2020-12-03, 11:40:00,28,27.07,7.96,51.6,,9,6.99,,0.015,119,,0.9,0.8,0.18,118,,,,,0.03,,,10,240.7,,0,,
174,SENA MADUREIRA,13408000,IACO,,,Segunda,Oitavo,2020,2020-12-03,14:00,31,31.2,8.29,34.18,,7,9.34,,0.0038,68.7,,1.4,0.8,0.15,78.2,,,0.9,,0.0053,,,4,265.6,,0.9,,
175,PORTO ACRE ,13610001,ACRE,,,Segunda,Oitavo,2020,2020-12-08,09:55,29.47,29.13,7.67,47.64,,8,5.93,,0.0079,51,,0.6,0.6,0.09,73.8,,,,795,0.0022,,<1,,92.2,,0.82,,
176,PLACIDO DE CASTRO,15324300,ABUNA,,,Segunda,Oitavo,2020,2020-12-09, 09:40:00,33.83,26.5,7.44,60.03,,6,6.91,,0.004,15.54,,0.4,0.2,0.04,10,,,,369,0.0132,,,1,22.7,,0,,
177,SENADOR GUIOMARD,13770000,IQUIRI,,,Segunda,Oitavo,2020,2020-12-10, 09:25:00,25.68,25.85,5.35,29.08,,5,6.24,,0.003,14.97,,0.42,0.3,0.04,45.3,,,,24,0.0021,,,3,22.8,,0,,
178,RIO BRANCO,13601000,ACRE,,,Segunda,Oitavo,2020,2020-12-11,10:00,25.38,27.83,7.40,51.96,,6,6.78,86.3,0.0069,40.4,,1.6,0.98,0,165.2,,,,,0.0248,,<1,,74.5,,0.38,,
179,MANCIO LIMA,12430000,MOA,,,Primeira,Nono,2021,2021-02-09,08:00,,25.75,7.48,4.29,,5,4.15,50.9,0.008,91.3,,0.7,0.6,0.07,66.3,8,4.32,,,0.0198,,14.1,,20.1,6,0.2,64.4,BOA
180,CRUZEIRO DO SUL,12500004,JURUA,,,Primeira,Nono,2021,2021-02-09,08:58,25.85,26.45,7.51,37.5,,9,5.09,63.1,0.0036,42.3,,0.72,0.6,0.11,90.8,13,6.7,,,0.0121,,41.7,,44.1,8,0.01,56.37,BOA
181,TARAUACA,12600002,TARAUACA,,,Primeira,Nono,2021,2021-02-10,06:49,26.7,26.71,7.63,140.6,,6,6.63,82.8,0.0056,71.2,,1.6,1.2,0.08,28.2,10,5.26,,,0.0022,,2,,146.5,6,0.02,51.61,BOA
182,FEIJO,12660000,ENVIRA,,,Primeira,Nono,2021,2021-02-10,08:25,24.92,26.14,6.69,116.2,,6,6.19,76.5,0.0056,91.6,,0.6,0.05,0.08,78.9,10,2.4,,,0.0022,,22.8,,142.2,12,0.88,54.32,BOA
183,MANOEL URBANO,13190000,PURUS,,,Primeira,Nono,2021,2021-02-11,07:47,23.84,25.45,6.62,243.23,,7,5.11,62.3,0.0081,73.3,,0.89,0.86,0.12,78,6,6.055,,,0.021,,8.4,,88.9,12,0,38.64,REGULAR
184,SENA MADUREIRA,13408000,IACO,,,Primeira,Nono,2021,2021-02-12,07:40,24.4,25.4,8.38,179.3,,4,4.3,52.4,0.0043,10.64,,0.8,0.71,0.02,31.5,8,3.2,,,0.0041,,3.1,,60.9,3,0.1,61.03,BOA
185,ASSIS BRASIL,13438000,ACRE,,,Primeira,Nono,2021,2021-02-18,09:57,27.07,25.06,7.01,185.54,,5,7.53,91.2,0.004,37.5,,0.4,0.3,0.03,36.4,8,4.01,,Não,0.0012,,14.6,,72.1,5,0.05,66.15,BOA
186,BRASILEIA,13459000,ACRE,,,Primeira,Nono,2021,2021-02-18,14:09,26.33,24.56,6.83,253.6,,6,6.36,76.4,0.00411,30.1,,0.4,0.35,0.04,45.9,10,5.48,,711.058,0.0031,,10.9,,56.6,6,0.02,64.22,BOA
187,XAPURI,13550001,ACRE,,,Primeira,Nono,2021,2021-02-19,08:45,27.19,24.76,6.84,244.95,,7,6.74,81.5,0.01712,119.9,,0.35,0.05,0.14,121,11,6.51,,899.65,0.0181,,52.1,,52.5,8,0.16,60.6,BOA
188,RIO BRANCO,13601000,ACRE,,,Primeira,Nono,2021,2021-02-25,09:01,29.12,25.55,6.31,95.04,,4,5.61,68.5,0.0037,21.5,,1.1,0.8,0.01,93.3,10,4.44,,"1,745.050",0.0142,,27.5,,43.2,2,0.19,67.37,BOA
189,PORTO ACRE,13610001,ACRE,,,Primeira,Nono,2021,2021-02-24,12:07,25.78,25.78,4.21,3.14,,5,9.14,112.2,0.00378,24.4,,0.5,0.4,0.05,29.5,8,4.33,,"2,054.755",0.0011,,14.6,,9,6,0.21,64.69,BOA
190,SENADOR GUIOMARD,13770000,IQUIRI,,,Primeira,Nono,2021,2021-02-23,04:25,25.65,30.14,4.57,1.82,,6,8.39,111.2,0.002136,10.6,,0.6,0.4,0,13.2,10,5.38,,33.859,0.0012,,4,,19.1,7,0.31,69.27,BOA
191,PLACIDO DE CASTRO,15324300,ABUNA,,,Primeira,Nono,2021,2021-02-23,10:15,25.73,25.71,5.95,18.06,,4,5.1,62.5,0.0318,12.34,,0.6,0.4,0,8.4,12,1.04,,536831,0.0111,,2,,19.1,8,0.01,76.81,BOA
192,SENADOR GUIOMARD,13770000,IQUIRI,,,Segunda,Nono,2021,2021-05-31,13:10,26.28,24.862,6.02,31.94,,8,6.27,75.7,0.0028,7.61,,0.4,0.36,0.21,78.2,10,4.1,,9.644,0.001,,17.8,,15.1,6,0.25,71.11,BOA
193,RIO BRANCO,13601000,ACRE,,,Segunda,Nono,2021,2021-06-01,10:00,25.07,26.63,7,170.75,,9,6.5,81.01,0.0032,39.8,,0.6,0.6,0.04,2,6,3.8,,124.454,0.8,,0,,76.3,10,0.13,57.45,BOA
194,PORTO ACRE,13610001,ACRE,,,Segunda,Nono,2021,2021-06-02,09:00,26.15,26.76,6.9,144.81,,6,6.03,75.3,0.004,40.2,,0.4,0.3,0.16,95,20,3.8,,134.375,0.0012,,0,,83.7,16,0.23,68.5,BOA
195,PLACIDO DE CASTRO,15324300,ABUNA,,,Segunda,Nono,2021,2021-06-03,09:30,33.63,24.96,6.19,70.4,,10,6.8,82.2,0.03,10.58,,0.4,0.36,0.09,25.4,8,2,,81.078,0.0129,,4.2,,20.2,6,0.04,71.05,BOA
196,MANCIO LIMA,12430000,MOA,,,Segunda,Nono,2021,2021-06-08,09:30,26.15,26.32,6.55,33.4,,9,5.68,70.4,0.06,23.1,,0.5,0.5,0.05,45.3,16,4.2,,,0.0126,,0,,45.6,10,0.15,77.54,BOA
197,CRUZEIRO DO SUL,12500004,JURUA,,,Segunda,Nono,2021,2021-06-08,11:00,27.37,26.85,7.26,47.5,,10,6.2,78.4,0.0029,72.3,,0.6,0.5,0.11,83.1,10,6.5,,,0.011,,0,,125.8,8,0.03,78.01,BOA
198,TARAUACA,12600002,TARAUACA,,,Segunda,Nono,2021,2021-06-09,08:40,26.23,27.5,7.97,108.17,,7,6.83,86.5,0.005,151.7,,1.6,1.4,0.09,2,6,3.8,,,0.002,,0,,297.4,12,0.05,67.83,BOA
199,FEIJO,12660000,ENVIRA,,,Segunda,Nono,2021,2021-06-10,09:40,28.56,28.53,8.13,55.08,,7,6.72,86.8,0.0102,231,,0.6,0.5,0.14,32.4,50,3,,,0.00212,,0,,472,16,0.36,78.57,BOA
200,MANOEL URBANO,13190000,PURUS,,,Segunda,Nono,2021,2021-06-11,10:30,29.05,29.25,8.13,70.11,,10,7.01,91.7,0.0142,193.4,,0.62,0.6,0.2,65.9,25,4.6,,,0.012,,0,,395.8,12,0.02,75.42,BOA
201,SENA MADUREIRA,13408000,IACO,,,Segunda,Nono,2021,2021-06-11,13:20,29.71,29.3,8.02,54.45,,8,7.77,101.7,0.009,161.6,,0.6,0.6,0.17,12.4,18,3,,,0.0014,,0,,331.1,12,0.08,79.89,OTIMA
202,SANTA ROSA DO PURUS,13169900,PURUS,,,Segunda,Nono,2021,2021-06-18,08:35,24.5,27.43,8.14,61.29,,8,6.98,88.4,0.03,174.8,,0.32,0.3,0.25,9.9,16,0.1,,,0.0027,,0,,363.3,10,0.05,78.31,BOA
203,JORDAO,12557000,TARAUACA,,,Segunda,Nono,2021,2021-06-25,09:00,27,25.99,8.36,21.27,,6,7.57,93.4,0.005,338,,0.22,0.19,0.18,1,6,0.32,,,0.00113,,0,,446.4,8,0.29,82.23,OTIMA
204,ASSIS BRASIL,13438000,ACRE,,,Segunda,Nono,2021,2021-06-30,07:34,13.8,17.9,7.93,10.55,,5,8.69,91.8,0.0035,174.2,,0.32,0.22,0.28,5.34,30,3.2,,Não,0.0011,,0,,357.3,14,0.08,87.59,OTIMA
205,BRASILEIA,13459000,ACRE,,,Segunda,Nono,2021,2021-06-30,10:30,16.6,18.9,7.28,104.5,,9,8.69,93.6,0.004,54.4,,0.3,0.3,0.024,3.1,10,5,,27.56,0.0029,,0,,87.2,14,8.69,66.91,BOA
206,XAPURI,13550001,ACRE,,,Segunda,Nono,2021,2021-07-01,09:00,19.2,20,7.32,107.77,,7,8.43,92.6,0.01,54.6,,0.2,0.1,0.07,7.5,7,5.4,,55.178,0.0022,,0,,107.4,10,0.11,69.95,BOA
207,PORTO WALTER,12389000,JURUA,,,Primeira,Decimo,2021,2021-08-18,09:15,27.7,29.4,7.86,35.03,,,5.8,76.2,,,,,,,,,,,,,,,,400.1,,,,SEM INFORMAÇÃO
208,MARECHAL THAUMATURGO,12369000,JURUA,,,Primeira,Decimo,2021,2021-08-19,17:00,28.2,30.7,8.46,13.88,,,8.08,108.5,,,,,,,,,,,,,,,,433.3,,,,SEM INFORMAÇÃO
209,RIO BRANCO,13601000,ACRE,,,Primeira,Decimo,2021,2021-09-08,10:30,37.5,30.1,7.7,51.5,,7,6.47,85.6,0.0039,49.6,,6,6,0.032,3,4,2.9,,34.947,0.5,,0,,132.6,7,0.09,69.09,BOA
210,SENADOR GUIOMARD,13770000,IQUIRI,,,Primeira,Decimo,2021,2021-09-08,14:45,31.8,26.9,6.59,30.01,,6,5.85,73.2,0.0029,10.33,,0.4,0.4,0.16,31,8,3.2,,1.84,0.002,,10.3,,23.5,5,0.1,76.3,BOA
211,PORTO ACRE,13610001,ACRE,,,Primeira,Decimo,2021,2021-09-09,14:45,35.1,31.3,7.53,24.79,,8,6.76,91.6,0.0038,47.4,,1,0.8,0.21,39.7,18,3.1,,39.624,0.018,,0,,130.8,10,0.3,82.94,OTIMA
212,PLACIDO DE CASTRO,15324300,ABUNA,,,Primeira,Decimo,2021,2021-09-10,11:00,29.5,28.2,6.58,50.96,,8,7,89.8,0.0102,17.51,,0.42,0.4,0.13,10,10,2.4,,18.288,0.013,,0,,30.1,4,0.09,79.24,OTIMA
213,MANCIO LIMA,12430000,MOA,,,Primeira,Decimo,2021,2021-09-15,08:15,27.94,28.88,6.72,50.23,,7,6.51,84.4,0.8,78.9,,0.6,0.4,0.11,59.6,20,3.8,,,0.021,,0,,60.2,15,0.19,79.95,OTIMA
214,CRUZEIRO DO SUL,12500004,JURUA,,,Primeira,Decimo,2021,2021-09-15,09:30,27.84,28.68,7.3,208.7,,6,4.45,57.5,0.0026,23.8,,0.7,0.6,0.09,21.1,11,5.2,,,0.022,,0,,230.2,6,0.05,63.94,BOA
215,TARAUACA,12600002,TARAUACA,,,Primeira,Decimo,2021,2021-09-16,07:25,26.67,28.13,7.6,482.3,,5,6.22,79.7,0.0042,172.1,,1,0.9,0.1,1,19,3.6,,,0.0028,,0,,201.3,10,0.18,69.17,BOA
216,FEIJO,12660000,ENVIRA,,,Primeira,Decimo,2021,2021-09-16,09:10,26.62,29.72,7.91,188.09,,5,4.97,65.5,0.011,75.1,,0.6,0.4,0.12,11.9,20,2.8,,,0.00131,,0,,469.7,10,0.41,67.23,BOA
217,MANOEL URBANO,13190000,PURUS,,,Primeira,Decimo,2021,2021-09-17,07:33,26.36,29.58,8.34,51.93,,8,6.77,89,0.009,170.9,,0.8,0.5,0.07,35.7,18,3.8,,,0.018,,0,,402.6,10,0.1,78.2,BOA
218,SENA MADUREIRA,13408000,IACO,,,Primeira,Decimo,2021,2021-09-17,10:00,27.07,29.29,8.35,41.42,,10,6.78,88.6,0.006,143.3,,0.6,0.4,0.22,10.3,12,2.6,,,0.0032,,0,,485.4,8,0.09,78.39,BOA
219,SANTA ROSA DO PURUS,13169900,PURUS,,,Primeira,Decimo,2021,2021-09-24,08:22,24.9,28.2,8.1,186.9,,7,6.82,87.5,0.015,97.1,,0.4,0.31,0.2,5.6,10,0.4,,,0.0018,,0,,245.7,6,0.09,68.8,BOA
220,JORDAO,12557000,TARAUACA,,,Primeira,Decimo,2021,2021-09-30,08:15,27.26,26.23,7.9,203.5,,4,6.37,78.9,0.0062,102.5,,0.3,0.2,0.14,3,12,0.5,,,0.0018,,0,,282.8,7,0.31,70.8,BOA
221,ASSIS BRASIL,13438000,ACRE,,,Primeira,Decimo,2021,2021-10-07,09:25,29.1,28.9,7.84,310.72,,6,6.81,88.4,0.0034,82.3,,0.26,0.2,0.17,7.9,19,3,,Não,0.001,,0,,226.3,11,0.1,70.09,BOA
222,BRASILEIA,13459000,ACRE,,,Primeira,Decimo,2021,2021-10-07,13:40,31,28.5,7.47,92.92,,6,6.88,88.8,0.0025,49.2,,0.55,0.4,0.23,10,16,3.6,,31.108,0.0018,,0,,125.6,10,0.08,77.91,BOA
223,XAPURI,13550001,ACRE,,,Primeira,Decimo,2021,2021-10-08,07:20,27.8,29.2,7.35,93.84,,5,6.45,84.1,0.008,44.9,,0.3,0.15,0.09,4.6,10,4.1,,39.645,0.0018,,0,,131.3,6,0.12,78.44,BOA
224,RIO BRANCO,13601000,ACRE,,,Segunda,Decimo,2021,2021-12-08,10:00,28.8,26.38,6.58,318.45,,5,3.83,47.4,0.342,27,,6.1,4.5,0.24,6,8,1.6,,325.197,0.1,,0,,65.5,5,0.11,56.21,BOA
225,SENADOR GUIOMARD,13770000,IQUIRI,,,Segunda,Decimo,2021,2021-12-08,15:20,25.8,25.7,5.75,99.96,,5,5.18,63.5,0.456,11.28,,3.1,2.3,0.08,10,5,2,,7.735,0.2,,0,,25,4,0.05,63.22,BOA
226,PORTO ACRE,13610001,ACRE,,,Segunda,Decimo,2021,2021-12-09,10:30,34,27.5,6.42,294.83,,10,3.95,50,0.3,24.2,,1.2,0.7,0.1,25.1,12,25.1,,477.114,0.09,,0,,65.8,8,0.21,55.95,BOA
227,PLACIDO DE CASTRO,15324300,ABUNA,,,Segunda,Decimo,2021,2021-12-10,14:00,34.9,26.6,5.95,131.05,,6,5.7,70.8,0.4256,9.96,,1.3,0.8,0.07,13,14,1.8,,126.091,0.086,,0,,25.3,6,0.14,62.11,BOA
228,CRUZEIRO DO SUL,12500004,JURUA,,,Segunda,Decimo,2021,2021-12-14,07:01,25.7,25.78,6.61,265.04,,8,2.92,35.4,0.342,27.1,,1.06,0.9,0.12,15.3,10,1.6,,,0.062,,0,,71.4,7,0.09,53.6,BOA
229,MANCIO LIMA,12430000,MOA,,,Segunda,Decimo,2021,2021-12-14,08:07,25.6,25.45,5.39,14.69,,10,1.86,22.7,0.0988,11.2,,1.9,1.6,0.18,34.1,16,1.6,,,0.039,,0,,28.4,12,0.06,52.65,BOA
230,TARAUACA,12600002,TARAUACA,,,Segunda,Decimo,2021,2021-12-15,06:40,25.85,26.61,7.57,331.05,,7,6.29,78.4,0.1748,69.7,,2,1.8,0.05,4,18,1,,,0.012,,0,,176.4,7,0.11,67.4,BOA
231,FEIJO,12660000,ENVIRA,,,Segunda,Decimo,2021,2021-12-15,08:15,27.12,26.43,7.63,270.28,,4,5.612,69.7,0.1596,66.6,,2.4,1.1,0.07,3,12,0.9,,,0.051,,0,,163.5,8,0.1,67.32,BOA
232,MANOEL URBANO,13190000,PURUS,,,Segunda,Decimo,2021,2021-12-16,07:00,27.2,27.23,7.34,373.84,,10,5.07,63.9,2.432,55,,1.2,0.8,0.2,49,10,1.3,,,0.012,,5.3,,138.6,6,0.08,60.59,BOA
233,SENA MADUREIRA,13408000,IACO,,,Segunda,Decimo,2021,2021-12-16,08:32,27.06,26.42,6.66,285.57,,13,3.99,49.5,0.722,28.8,,2.9,1.6,0.17,14.21,15,1.4,,,0.056,,3,,73.5,10,0.04,53.08,BOA
234,ASSIS BRASIL,13438000,ACRE,,,Segunda,Decimo,2021,2022-01-11,10:40,31.2,29,7.64,74.62,,10,7.6,99.1,0.1064,99.1,,3,2.4,0.09,4,10,0.9,,Não,0.039,,0,,274.1,6,0.05,75.07,BOA
235,BRASILEIA,13459000,ACRE,,,Segunda,Decimo,2021,2022-01-11,13:30,33.4,27.1,7.07,166.06,,9,6.66,83.8,0.418,33.1,,5.2,5,0.11,6.4,12,1.1,,65.476,0.039,,2,,78.8,5,0.03,63.2,BOA
236,XAPURI,13550001,ACRE,,,Segunda,Decimo,2021,2022-01-12,08:30,26.6,26.7,6.54,239.5,,4,6.38,79.5,0.38,28.2,,3.8,3.6,0.03,2.7,6,1.6,,177.125,0.096,,0,,60.7,4,0.1,66.5,BOA
237,MARECHAL THAUMATURGO,12369000,JURUA,,,Primeira,Decimo Primeiro,2022,2022-04-08,12:00,27.7,26.3,7.63,337.49,,6,6.06,,0.224,71.6,,1.1,0.8,0.14,17.7,15,21,,,0.042,,0,,205.7,10,0.29,67.62,BOA
238,MANCIO LIMA,12430000,MOA,,,Primeira,Decimo Primeiro,2022,2022-03-30,07:45,23.32,24.02,6.3,8.75,,7,4.07,,0.0971,9.6,,0.8,1.4,0.14,18.7,11,1.23,,,0.03,,1,,25.8,9,0.09,72.25,BOA
239,CRUZEIRO DO SUL,12500004,JURUA,,,Primeira,Decimo Primeiro,2022,2022-03-30,09:00,26.22,24.71,6.85,357.61,,5,3.8,,0.299,21.6,,0.88,0.5,0.09,11,8,1.3,,,0.043,,0,,63,5,0.01,59.5,BOA
240,JORDAO,12557000,TARAUACA,,,Primeira,Decimo Primeiro,2022,2022-05-12,11:00,23.9,25.9,8.18,287.17,,6,6.34,,0.0534,142.6,,1.3,1,0.1,2,10,0.09,,,0.0028,,0,,391.4,5,0.25,,
241,TARAUACA,12600002,TARAUACA,,,Primeira,Decimo Primeiro,2022,2022-03-31,15:50,26.17,25.31,7.49,493.73,,8,5.68,,0.1737,54.8,,1.7,1.3,0.03,2,12,0.8,,,0.01,,0,,154.3,8,0.14,65.45,BOA
242,FEIJO,12660000,ENVIRA,,,Primeira,Decimo Primeiro,2022,2022-04-01,13:30,21.62,25.594,7.63,348.51,,6,5.97,,0.1589,86.8,,2.1,1.4,0.09,5,6,1,,,0.045,,0,,235.8,4,0.05,66.63,BOA
243,SANTA ROSA DO PURUS,13169900,PURUS,,,Primeira,Decimo Primeiro,2022,2022-05-09,09:00,,,,,,10,,,0.015,89.69,,1.16,0.9,0.11,3.1,8,0.8,,,0.02,,0,,,4,0.05,,SEM INFORMAÇÃO
244,MANOEL URBANO ,13190000,PURUS,,,Primeira,Decimo Primeiro,2022,2022-04-04,08:00,27.656,25.143,7.59,476.62,,8,5.7,,1.341,63.5,,1.5,1,0.17,11.5,8,1.2,,,0.019,,1,,172.8,4,0.03,65.33,BOA
245,SENA MADUREIRA,13408000,IACO,,,Primeira,Decimo Primeiro,2022,2022-04-04,10:15,24.704,24.747,7.24,598.53,,10,4.64,,0.881,33.8,,2.4,1.9,0.24,20.2,18,1.6,,,0.077,,20.2,,88.9,12,0.09,54.33,BOA
246,ASSIS BRASIL,13438000,ACRE,,,Primeira,Decimo Primeiro,2022,2022-04-29,06:41,24.8,27.5,7.87,94.78,,8,6.79,,0.1032,88.1,,3.5,2.8,0.02,6,8,1,,Não,0.033,,0,,249.6,4,0.09,73.29,BOA
247,BRASILEIA,13459000,ACRE,,,Primeira,Decimo Primeiro,2022,2022-04-28,13:23,29.6,27.9,7.62,272.17,,5,6.66,84.7,0.41,32.2,,1.7,3.1,0.08,2,8,1,,Não,0.025,,0,,89.3,3,0,69.15,BOA
248,XAPURI,13550001,ACRE,,,Primeira,Decimo Primeiro,2022,2022-04-28,10:24,29.6,27.9,7.52,144.95,,5,6.82,87,0.291,36.8,,2.99,1.7,0.09,3.1,9,2.16,,Não,0.079,,0,,84.9,7,0.15,67.74,BOA
249,PORTO ACRE ,13610001,ACRE,,,Primeira,Decimo Primeiro,2022,2022-04-26,11:00,31.9,28.2,6.91,252.02,,5,5.78,91.6,0.239,23.8,,1.5,0.9,0.21,13.7,10,21,,Não,1.2,,0,,64.1,6,0.43,55.43,BOA
250,SENADOR GUIOMARD,13770000,IQUIRI,,,Primeira,Decimo Primeiro,2022,2022-04-27,08:27,28.69,25.9,6.68,19.6,,7,5.45,,0.397,7.47,,2.5,1.9,0.11,6.1,9,1.13,,,0.018,,0,,19.6,6,0.07,78.49,BOA
251,RIO BRANCO,13601000,ACRE,,,Primeira,Décimo primeiro,2022,2022-04-29,14:45,28.4,28.8,7.58,173.97,,7,6.34,82.2,0.312,28.4,,2.9,2.12,0.19,10,6,1.3,,Não,0.011,,0,,76.6,3,0.09,67.09,BOA
252,PLACIDO DE CASTRO,15324300,ABUNA,,,Primeira,Decimo Primeiro,2022,2022-04-27,10:09,32.1,26.24,6.42,61.54,,4,5.46,,0.396,8.91,,0.9,0.4,0.12,9.4,16,2,,,0.099,,0,,26.4,8,0.19,75.43,BOA
253,ASSIS BRASIL,13438000,ACRE,,,Segunda,Decimo Primeiro,2022,2022-07-06,07:30,25.7,27.4,7.9,4.4,,6,7.6,,0.1024,67.18,,3.19,2.34,0.06,31.1,5,0.8,,Não,0.03,,0,,335.9,3.88,0.12,86.23,OTIMA
254,BRASILEIA,13459000,ACRE,,,Segunda,Decimo Primeiro,2022,2022-07-06,09:20,30,27.4,8.04,11.05,,8,8.47,107.2,0.303,28.91,,1.91,3.5,0.1,5,10,1.19,,Não,0.02,,0,,143.9,5,0.01,83.58,OTIMA
255,XAPURI,13550001,ACRE,,,Segunda,Decimo Primeiro,2022,2022-07-06,14:30,24,28.82,8.16,15.13,,6,9.1,118,0.283,31.2,,3.1,1.4,0.11,5.3,8,2,,Não,0.063,,0,,141.4,5,0.13,81.71,OTIMA
256,PORTO ACRE ,13610001,ACRE,,,Segunda,Decimo Primeiro,2022,2022-06-29,14:00,30.4,27.5,7.28,43.88,,4,7.5,91.6,0.198,33.9,,1.19,0.77,0.19,1,8,20,,,1.08,,0,,85,4,0.37,70.07,BOA
257,SENADOR GUIOMARD,13770000,IQUIRI,,,Segunda,Decimo Primeiro,2022,2022-06-28,13:30,27.1,23.4,6.29,13.52,,5,7.45,,0.324,6.41,,2.11,2,0.09,78.2,11,1.08,,,0.016,,0,,13.6,8,0.1,83.32,OTIMA
258,PLACIDO DE CASTRO,15324300,ABUNA,,,Segunda,Decimo Primeiro,2022,2022-06-30,10:00,25.1,24.5,7.18,25.22,,5,8.04,,0.263,9.6,,0.6,0.37,0.15,7.5,20,1.9,,,0.077,,0,,21,10,0.22,84.66,OTIMA
259,RIO BRANCO,13601000,ACRE,,,Segunda,Décimo primeiro,2022,2022-06-29,08:50,25.1,26.3,7.3,50.89,,5,7.64,94.7,0.274,35.9,,2.34,1.91,0.12,1,5,1.1,,Não,0.01,,0,,91.2,3.8,0.05,82.36,OTIMA
260,RIO BRANCO,13601000,ACRE,,,Primeira,Décimo Segundo,2022,2022-10-14,08:35,24.64,27.34,7.2,272.96,,7,5.75,72.6,0.284,49.66,,2.93,2.18,0.16,3,7,1.3,,Não,0.019,,0,,125.4,4.1,0.08,65.88,BOA
261,ASSIS BRASIL,13438000,Acre,,,Primeira,Décimo Segundo,2022,2022-10-11,06:30,25.38,29.96,8.29,272.35,,7,6.1,,0.1021,77.18,,3.96,2.7,0.08,19,7,1,,Não,0.039,,0,,382.6,3,0.1,65.3,BOA
262,JORDAO,12557000,TARAUACA,,264,Primeira,Décimo Segundo,2022,2022-11-12, 06:15:00,23.1,27.38,8.67,5.21,,4,7.7,100,0.041,137.3,,1.1,0.8,0.16,0.9,7,0.82,,,0.0017,,0,,428,3,0.21,87,OTIMA
263,CRUZEIRO DO SUL,12500004,JURUA,,,Primeira,Décimo Segundo,2022,2022-09-26,07:58,27.43,26.3,7.63,53,,7,6.32,81.5,0.09,38.7,,2.1,1.2,0.09,3.11,8,0.9,,,0.11,,0,,179,6,3.4,76.59,BOA
264,MANCIO LIMA,12430000,MOA,,,Primeira,Décimo Segundo,2022,2022-09-26,08:52,29.64,27.46,7.09,64.47,,8,5.67,,0.1021,65.99,,2.91,2,0.09,2,6,1,,,0.027,,0,,43.6,2.5,0.13,75.02,BOA
265,FEIJO,12660000,ENVIRA,,,Primeira,Décimo Segundo,2022,2022-09-26,09:23,26.36,29.74,8.7,31.16,,8,7.24,,0.149,79.5,,2.3,1.5,0.14,5.7,6,2,,,0.035,,0,,7.24,4,0.18,77.89,BOA
266,TARAUACA,12600002,TARAUACA,,,Primeira,Décimo Segundo,2022,2022-09-28,07:50,31.16,26.36,8.47,31.16,,5,6.6,86.7,15,59.3,,0.5,0.8,16,1,7,0,,,0.0211,,0,,7.24,5,0.3,82.91,OTIMA
267,MANOEL URBANO ,13190000,PURUS,,,Primeira,Décimo Segundo,2022,2022-09-28,07:00,24.908,29.739,8.71,42.34,,6,6.6,,0.0612,151.3,,3,2,0.16,10,12,0.1,,,0.036,,0,,455.8,7,0.31,76.57,BOA
268,SENA MADUREIRA,13408000,IACO,,,Primeira,Décimo Segundo,2022,2022-09-28,08:50,27.17,26.7,8.64,29.86,,7,6.53,85.7,0.102,71.12,,2.4,1.96,0.02,2,4,0.5,,,0.024,,0,,488.2,2,0.04,78.1,BOA
269,PORTO ACRE ,13610001,ACRE,,,Primeira,Decimo Segundo,2022,2022-10-04,10:00,29.789,30.524,8.3,38.26,,6,8.05,81.5,0.0612,151.3,,3.1,2,0.16,10,12,0.1,,,0.036,,0,,150.2,7,0.31,80.13,OTIMA
270,SENADOR GUIOMARD,13770000,IQUIRI,,,Primeira,Décimo Segundo,2022,2022-01-05,08:05,40.78,25.391,6.57,40.78,,5,5.88,72,0.388,8.16,,2.9,2.1,0.14,4,11,1.3,,,0.02,,0,,23.3,8,0.1,78.52,BOA
271,MARECHAL THAUMATURGO,12369000,JURUA,,,Primeira,Decimo Segundo,2022,2026-10-26,06:00,26.99,27.24,7.63,50.68,,8,5.87,,28.9,118.11,,0.89,0.71,0.1,12,15,0.12,,,0.0332,,0,,132,8,0,77.51,BOA
272,PLACIDO DE CASTRO,15324300,ABUNA,,,Primeira,Décimo Segundo,2022,2022-10-13,09:25,25.97,27.21,6.61,97.51,,4,6.84,,0.281,12.91,,0.8,0.51,0.17,12.7,25,2.12,,,0.098,,0,,26.7,14,0.26,75.53,BOA
273,MANCIO LIMA,12430000,MOA,,,Segunda,Décimo Segundo,2022,2022-12-13,08:18,24.47,27.64,6.83,22.55,,5,6.91,,0.1026,13.5,,2.3,1.1,0.06,1,8,1.3,,,0.02,,0,,34,3,0.15,83.9,OTIMA
274,CRUZEIRO DO SUL,12500004,JURUA,,,Segunda,Décimo Segundo,2022,2022-12-13,09:37,28.03,28.4,7.66,27.35,,10,6.88,,0.039,57.1,,4.11,3.4,0.12,5.1,15,1.3,,,0.18,,0,,140.8,12,4.2,75.2,BOA
275,TARAUACA,12600002,TARAUACA,,,Segunda,Décimo Segundo,2022,2022-12-14,11:20,32.85,30.05,8.29,35.48,,4,7.95,105.3,0.131,65.5,,1.3,1.6,0.19,3,10,0,,,0.0121,,0,,111.9,8,0.23,84.72,OTIMA
276,FEIJO,12660000,ENVIRA,,,Segunda,Décimo Segundo,2022,2022-12-14,14:22,32.12,29.92,7.86,54.9,,6,6.9,,0.128,59.6,,2.7,1.3,0.13,2.9,16,2.9,,,0.032,,0,,176.4,10,0.17,79.75,OTIMA
277,MANOEL URBANO ,13190000,PURUS,,,Segunda,Décimo Segundo,2022,2022-12-15,07:20,26.68,29.36,7.7,111.43,,4,6.66,,0.0511,48.6,,2.2,1,0.1,3.1,10,0,,,0.031,,0,,133.8,5,0.28,69.93,BOA
278,SENA MADUREIRA,13408000,IACO,,,Segunda,Décimo Segundo,2022,2022-12-15,09:17,28.38,29.22,7.42,255.11,,4,6.48,84.8,0.1012,32.3,,2.1,1.2,0,1,2,0.3,,,0.018,,0,,23.2,1,0.01,70.03,BOA
279,SENADOR GUIOMARD,13770000,IQUIRI,,,Segunda,Décimo Segundo,2022,2022-12-12,08:50,26.53,25.52,6,61.38,,4,4.82,58.9,0.51,10.04,,2.5,1.7,0.11,43,16,1.1,,,0.02,,0,,85.1,13,0.18,71.32,BOA
280,PORTO ACRE ,13610001,ACRE,,,Segunda,Decimo Segundo,2022,2022-12-13,08:56,26.92,27.54,6.9,388.65,,6,5.1,64.6,0.219,26.1,,2.3,0.9,0.22,3.4,10,23,,,1.2,,0,,63.8,6,0.4,52.85,BOA
281,PLACIDO DE CASTRO,15324300,ABUNA,,,Segunda,Décimo Segundo,2022,2022-12-14,09:56,28.11,26.52,6.25,104.52,,6,5.95,,0.316,11.01,,1.8,2.18,0.13,51,12,1,,,0.02,,0,,27.7,6,0.08,65.18,BOA
282,XAPURI,13550001,ACRE,,,Segunda,Décimo Segundo,2022,2022-12-19,10:11,27.35,27.56,7.37,345.13,,4,6.06,78.9,0.314,33.3,,3,1.5,0.08,2.9,18,0.9,,Não,0.024,,0,,209.9,10,0.12,68.76,BOA
283,ASSIS BRASIL,13438000,ACRE,,,Segunda,Décimo Segundo,2022,2022-12-20,06:11,23.2,26.18,7.2,275.72,,5,6.84,,0.9031,38.9,,2.5,1.7,0.11,10,8,1.5,,Não,0.024,,0,,140.8,6,0.16,69.02,BOA
284,BRASILEIA,13459000,ACRE,,,Segunda,Décimo Segundo,2022,2022-12-20,08:49,24.3,26.71,7.15,577.11,,5,6.44,87.2,0.401,28.9,,4.9,3.1,0.11,2,10,2.1,,,0.033,,0,,76.3,5,0.05,67.05,BOA
285,RIO BRANCO,13601000,ACRE,,,Segunda,Décimo Segundo,2022,2022-12-15,09:41,29.05,28.12,7.13,351.74,,6,5.82,74.5,0.253,24.2,,3.11,2,0.11,2,2,5,,,0.024,,0,,66.7,0.03,0.04,66.55,BOA
286,PORTO WALTER,12389000,JURUA,,,Primeira,Décimo Terceiro,2023,2023-04-19,07:15,26.95,26.69,7.57,248.2,,10,4.81,60,0.213,64.7,,5.11,4.9,0.46,98.5,20,4.7,,,0.039,,21,,158.8,12,1.2,55.01,BOA
287,MARECHAL THAUMATURGO,12369000,JURUA,,,Primeira,Décimo Terceiro,2023,2023-04-21,07:40,"23,00",25.89,7.91,172.63,,6,6.42,79,0.6024,52.1,,3.15,2,0.19,2,16,1.9,,,0.029,,0,,133.9,10,0.31,66.4,BOA
288,MANCIO LIMA,12430000,MOA,,,Primeira,Décimo Terceiro,2023,2023-03-23,15:00,25.89,24.85,6.62,8.24,,7,5.25,63.4,0.1019,11.68,,3.5,2.1,0.12,13.2,15,1.5,,,0.029,,4,,23.9,8,0.5,75.53,BOA
289,SENA MADUREIRA,13408000,IQUIRI,,,Primeira,Décimo Terceiro,2023,2023-03-31,08:18,27.12,25.59,6.91,236.1,,6,3.63,44.5,0.1015,25.6,,3.7,1.9,0.1,5.2,12,1,,,0.041,,0,,64.2,5,0.16,57.05,BOA
290,CRUZEIRO DO SUL,12500004,JURUA,,,Primeira,Décimo Terceiro,2023,2023-03-24,14:22,25.63,25.23,7.04,83.01,,8,5.74,69.8,0.0371,30.1,,3.12,2.91,0.14,15.6,20,1.8,,,"0,30",,6,,,10,3.4,64.18,BOA
291,MANOEL URBANO ,13190000,ACRE,,,Primeira,Décimo Terceiro,2023,2023-03-29,07:12,24.56,25.41,7.4,241.54,,6,4.72,57.5,0.0523,41.1,,3.21,2.13,0.25,6,12,0.8,,,0.043,,0,,104.6,8,0.9,62.27,BOA
292,PORTO ACRE ,13610001,ACRE,,,Primeira,Décimo Terceiro,2023,2023-03-09,10:15,31.33,27.65,6.65,126.7,,8,5.89,74.9,"0,250",18.42,,4.12,1.4,0.31,1,15,29,,,"1,90",,0,,42,10,0.6,49.61,BOA
293,PLACIDO DE CASTRO,15324300,ABUNA,,,Primeira,Décimo Terceiro,2023,2023-03-10,10:24,27.82,26.52,6.24,16.79,,9,5.3,65.90,"0,36",8.38,,2.19,3.11,0.38,"10,000",18,1.9,,,"0,050",,0,,19,10,0.213,74.86,BOA
294,TARAUACA,12600002,TARAUACA,,,Primeira,Décimo Terceiro,2023,2023-03-27,16:29,33.33,25.53,7.18,193.55,,8,5.79,70.7,0.144,29.8,,2.7,1.9,0.25,1,16,0.5,,,0.0132,,0,,101.3,6,0.39,65.07,BOA
295,FEIJO,12660000,ENVIRA,,,Primeira,Décimo Terceiro,2023,2023-03-28,16:02,27.15,25.58,7.82,215.47,,5,6.05,74,0.112,75.9,,3.5,2,0.23,1,12,2.3,,,0.021,,0,,"173,0",8,0.42,67.12,BOA
296,RIO BRANCO,1360100,ACRE,,,Primeira,Décimo Terceiro,2023,2023-03-13,09:30,26.82,25.31,6.8,72.38,,7,27,77.5,0.294,16.28,,4.1,2.9,0.24,17.4,9,1.7,,,0.032,,0,,41.6,0.08,0.1,68.06,BOA
297,SENADOR GUIOMARD,13770000,IQUIRI,,,Primeira,Décimo Terceiro,2023,2023-03-14,08:26,29.32,25.71,5.34,10.03,,7,3.65,44.8,0.491,7.41,,4.1,2.8,0.24,2,20,1.5,,,"0,040",,0,,15.1,15,0.28,62.58,BOA
298,XAPURI,13550001,ACRE,,,Primeira,Décimo Terceiro,2023,2023-03-17,07:53,24.29,26.89,7.25,171.63,,8,6.77,84.8,0.342,30.8,,3.91,2.3,0.19,10,20,1.86,,207.731,0.036,,0,,60.8,16,0.15,65.64,BOA
299,BRASILEIA,13459000,ACRE,,,Primeira,Décimo Terceiro,2023,2023-03-16,07:00,27.01,26.61,7.38,192.13,,9,7.14,89.6,0.419,30.1,,5.31,3.77,0.17,4,12,2.8,,82.329,"0,050",,2,,75.2,6,0.13,63.43,BOA
300,ASSIS BRASIL,13438000,ACRE,,,Primeira,Décimo Terceiro,2023,2023-03-15,07:24,26.97,26.61,7.28,152.5,,6,7.14,89.6,0.133,40.6,,2.7,1.9,0.2,8,10,0.7,,Não,0.032,,2,,105.2,8,0.31,67.27,BOA
301,RIO BRANCO,13601000,ACRE,,,Segunda,Décimo Terceiro,2023,2023-06-19,11:20,30.78,23.15,7.26,33.8,,5,8.5,99.5,0.254,40.7,,2.71,1.4,0.19,23.4,6,2,,,0.027,,8.3,,94,4,0.11,79.35,OTIMA
302,PORTO ACRE ,13610001,ACRE,,,Segunda,Décimo Terceiro,2023,2023-06-21,16:00,30.94,25.11,7.47,27.3,,5,8.22,99.7,0.189,36.5,,3.18,1.3,0.29,30,12,19,,,0.07,,17.9,,86.5,8,0.58,76.92,BOA
303,XAPURI,13550001,ACRE,,,Segunda,Décimo Terceiro,2023,2023-06-22,11:30,26.08,26.12,7.41,36.2,,12,8.34,103,0.413,49.9,,4.2,3.13,0.31,40.1,12,2.3,,Não,0.045,,11,,117,8,0.028,71.49,BOA
304,BRASILEIA,13459000,ACRE,,,Segunda,Décimo Terceiro,2023,2023-06-23,11:20,29.7,25.87,7.42,21.97,,6,8.44,103.8,0.31,50.2,,2.4,1.8,0.13,7.1,15,1.9,,Não,0.048,,3,,107.5,10,0.1,81.53,OTIMA
305,ASSIS BRASIL,13488000,ACRE,,,Segunda,Décimo Terceiro,2023,2023-06-23,08:10,26.07,26.31,7.09,1.49,,7,8.73,108.2,0.151,109.6,,3.4,2.5,0.27,29.5,12,1.1,,Não,0.039,,7.2,,1.8,5,0.036,80.86,OTIMA
306,SENA MADUREIRA,13408000,IQUIRI,,,Segunda,Décimo Terceiro,2023,2023-06-16,10:23,20.88,22.36,7.94,28.42,,8,8.46,97.5,0.1021,94.8,,3.93,2.32,0.14,11,10,1.8,,,0.044,,3,,216.9,7,0.23,78.2,BOA
307,MANOEL URBANO ,13190000,ACRE,,,Segunda,Décimo Terceiro,2023,2023-06-16,08:36,19.26,23.4,8.34,42.1,,8,8.21,96.5,0.0632,132.2,,3.9,2.71,0.3,13.7,16,0.5,,,0.05,,6.7,,313,10,0.83,74.05,BOA
308,FEIJO,12660000,ENVIRA,,,Segunda,Décimo Terceiro,2023,2023-06-12,11:00,32.07,28.65,7.91,32.57,,10,6.82,88.2,0.21,130.4,,4.11,2.9,0.38,6.3,20,2.88,,,0.032,,2,,314.3,11,0.49,76.13,BOA
309,TARAUACA,12600002,TARAUACA,,,Segunda,Décimo Terceiro,2023,2023-06-15,15:00,19.48,22.33,7.54,111.16,,16,7.27,83.7,0.151,68.2,,4.82,3.11,0.32,7.1,19,0.93,,,0.14,,4,,185.6,10,0.45,56.45,BOA
310,CRUZEIRO DO SUL,12500004,JURUA,,,Segunda,Décimo Terceiro,2023,2023-06-13,11:45,29.39,27.46,7.18,27.51,,7,6.23,78.8,0.0293,60.8,,3.11,1.79,0.25,20.1,28,2.5,,,0.28,,8.4,,138,15,2.89,71.01,BOA
311,MANCIO LIMA,12430000,MOA,,,Segunda,Décimo Terceiro,2023,2023-06-14,15:00,17.1,24.53,6.57,8.96,,6,5.62,67.4,0.1011,15.94,,3.97,2.6,0.07,35,12,1.7,,,0.031,,10.3,,35.2,6,0.8,74.78,BOA
312,SENADOR GUIOMARD,13770000,IQUIRI,,,Segunda,Décimo Terceiro,2023,2023-06-20,10:00,24.64,20.89,7.14,9.3,,10,8.06,90.2,0.383,5.83,,4.89,3.12,0.29,8,18,1.3,,,0,,3,,13.2,11,0.17,78.72,BOA
313,PLACIDO DE CASTRO,15324300,ABUNA,,,Segunda,Décimo Terceiro,2023,2023-06-21,10:10,28.67,22.38,6.6,22.98,,6,8.35,96.2,0.27,9.15,,3.19,2.41,0.16,18.8,10,1,,,0.063,,4.1,,19.7,5,0.208,78.69,BOA
314,ASSIS BRASIL,13433800,ACRE,,,Primeira,Décimo Quarto,2023,2023-09-22,07:10,25.99,27.84,8.05,30.51,,5,6.61,84.3,0.293,126.6,,3.91,2.11,0.1,866,10,2.4,,Não,0.059,,31,,324.9,13,0.08,73.23,BOA
315,BRASILEIA,13459000,ACRE,,,Primeira,Décimo Quarto,2023,2023-09-21,15:30,"29,93",31.44,8.7,27.63,,9,7.94,107.7,0.138,61,,4.8,3.1,0.19,547,10,1.5,,11.954,"0,081",,274,,157.4,8,0.029,62.54,BOA
316,XAPURI,13550001,ACRE,,,Primeira,Décimo Quarto,2023,2023-09-21,12:20,29.43,31.46,8.2,28.74,,9,7.65,103.9,0.59,64.5,,4.78,3.89,0.42,1732,25,2.9,,17.022,"0,060",,410,,153.5,11,0.035,64.16,BOA
317,SENADOR GUIOMARD,13770000,IQUIRI,,,Primeira,Décimo Quarto,2023,2023-09-20,12:50,26.44,27.24,6.46,45.35,,8,5.82,73.3,0.0288,8.44,,3.71,2.49,0.32,82,12,1.1,,,"0,011",,35,,22.2,9,0.22,68.04,BOA
318,PORTO ACRE ,13610001,ACRE,,,Primeira,Décimo Quarto,2023,2023-09-19,10:00,27.57,30.49,6.75,23.41,,6,6.75,90.1,0.157,54.7,,2.7,1.9,0.41,396,25,15,,,"0,088",,172,,140.4,10,0.72,69.41,BOA
319,RIO BRANCO,13601000,ACRE,,,Primeira,Décimo Quarto,2023,2023-09-18,10:14,33.31,29.87,7.91,157.74,,9,5.78,76.3,0.348,46.8,,5.21,3.11,0.36,721,30,2.1,,,0.069,,51.72,,120.3,20,0.17,56.02,BOA
320,PLACIDO DE CASTRO,15324300,ABUNA,,,Primeira,Décimo Quarto,2023,2023-09-20,10:25,31.24,28.84,7.32,64.63,,8,6.8,88.2,"0,33",11.78,,3.4,2.9,0.18,90,18,1.3,,,"0,083",,11,,29.9,11,0.212,70.57,BOA
321,SENA MADUREIRA,13408000,IACO,,,Primeira,Décimo Quarto,2023,2023-09-15,09:15,29.39,33.315,8.14,3.51,,6,6.67,93.4,"0,1038",184.8,,3.5,2,0.24,"344,00",16,2.1,,,"0,038",,51.72,,9,9,"0,77",75.28,BOA
322,MANOEL URBANO ,13190000,ACRE,,,Primeira,Décimo Quarto,2023,2023-09-15,07:14,23.627,29.397,8.96,7.9,,7,6.46,84.7,"0,0781",159,,4.8,3.5,0.58,65,20,0.8,,,0.07,,4,,"46,73",14,1.31,72.43,BOA
323,TARAUACA,12600002,TARAUACA,,,Primeira,Décimo Quarto,2023,2023-09-14,14:50,30.038,32.434,8.82,30.9,,7,7.424,109.7,0.12,121.3,,2.66,1.9,0.19,1986,15,0.59,,,"0,0130",,76,,"310,60",8,0.25,68.28,BOA
324,FEIJO,12660000,ENVIRA,,,Primeira,Décimo Quarto,2023,2023-09-14,17:22,26.44,30.945,8.63,12.9,,6,7.6,102.4,0.239,156,,3.91,2.3,0.3,2419,15,2.31,,,"0,028",,113.7,,562,13,0.38,70.44,BOA
325,MANCIO LIMA,12430000,MOA,,,Primeira,Décimo Quarto,2023,2023-09-13,16:00,28.56,31.687,7.29,49.93,,8,7.12,56.7,0.102,23.3,,4.75,2.93,0.2,332,20,1.9,,,"0,055",,121,,"56,7",12,1,67.09,BOA
326,CRUZEIRO DO SUL,12500004,JURUA,,,Primeira,Décimo Quarto,2023,2023-09-12,16:00,29.4,31.02,8.31,32.75,,5,7.44,100.2,0.32,97.3,,3.99,2.11,0.19,1290,35,3,,,"0,37",,432,,"247,60",20,2.31,61.62,BOA
327,ASSIS BRASIL,13438000,ACRE,,,Segunda,Décimo Quarto,2023,2023-12-27,11:56,26.68,26.786,6.82,353.15,,5,4.86,60.8,0.114,33.2,,2.51,1.3,0.14,866.4,8,1.1,,,0.024,,140.8,,74,5,0.26,55.43,BOA
328,BRASILEIA,13459000,ACRE,,,Segunda,Décimo Quarto,2023,2023-12-27,09:12,"27,21",27.21,7.11,133.36,,7,5.95,74.9,0.44,24.1,,3,1.83,0.52,1732,20,2.4,,,"0,039",,76,,53.6,15,0.194,57.86,BOA
329,XAPURI,13550001,ACRE,,,Segunda,Décimo Quarto,2023,2023-12-26,13:00,26.36,27.91,6.85,64.84,,5,6.84,87.2,0.321,20.11,,3.23,1.74,0.25,344.8,15,2,,,"0,029",,32,,45.1,9,0.1,71.33,BOA
330,SENADOR GUIOMARD,13770000,IQUIRI,,,Segunda,Décimo Quarto,2023,2023-12-20,12:45,27.4,27.85,6.86,65.64,,6,6.48,82.6,0.43,11.62,,3.51,2.4,0.18,109,10,1,,,"0,038",,48.7,,21.8,8,0.3,68.65,BOA
331,PORTO ACRE ,13610001,ACRE,,,Segunda,Décimo Quarto,2023,2023-12-21,09:50,27.14,28.71,6.82,160.97,,5,4.16,53.8,0.192,31.9,,3.25,1.1,0.14,73.8,12,21,,,"2,00",,5,,68.4,8,0.43,46.42,BOA
332,RIO BRANCO,13601000,ACRE,,,Segunda,Décimo Quarto,2023,2023-12-20,10:24,34.37,28.84,7.26,182.01,,5,4.51,58.5,0.261,34.1,,3.83,2.36,0.2,195,6,1.8,,,3.83,,12,,74.7,0.11,0.12,44.15,BOA
333,PLACIDO DE CASTRO,15324300,ABUNA,,,Segunda,Décimo Quarto,2023,2023-12-22,10:50,33.61,29.2,6.82,30.5,,7,6.84,89.3,"0,311",12.98,,3.94,2.6,0.09,62,10,1.85,,,"0,039",,7.4,,28.1,4,0.1,75.76,BOA
334,SENA MADUREIRA,13408000,IACO,,,Segunda,Décimo Quarto,2023,2023-12-19,11:00,27.28,28.14,6.96,130.15,,5,3.23,41.3,"0,1021",49.5,,4.15,2.41,0.14,"80,90",20,1.92,,,"0,050",,6.1,,111.9,7,"0,19",54.09,BOA
335,MANOEL URBANO ,13190000,PURUS,,,Segunda,Décimo Quarto,2023,2023-12-19,09:58,31.04,27.66,7.12,165.56,,8,4.6,58.5,"0,0530",59,,3.89,2.5,0.35,106,20,1,,,0.061,,1,,"133,50",11,1.24,60.64,BOA
336,TARAUACA,12600002,TARAUACA,,,Segunda,Décimo Quarto,2023,2023-12-18,10:50,32.59,26.21,7.01,188.83,,5,3.48,43.1,0.29,47.7,,2.11,9,0.53,12,20,0.8,,,"3,02",,5.2,,"107,40",10,0.45,42.38,BOA
337,FEIJO,12660000,ENVIRA,,,Segunda,Décimo Quarto,2023,2023-12-18,13:10,31.87,26.58,7.22,151.56,,6,"4,65",58,0.131,49.9,,4.1,2.39,0.4,143,16,2.1,,,"0,070",,42.1,,"113,5",10,0.62,55.3,BOA
338,MANCIO LIMA,12430000,MOA,,,Segunda,Décimo Quarto,2023,2023-12-15,14:29,27.61,28.07,6.53,48.57,,5,4.86,62.1,0.11,14.93,,2.19,1.4,0.17,106.3,12,1.18,,,"0,018",,4.1,,"32,2",12,0.31,73.14,BOA
339,CRUZEIRO DO SUL,12500004,JURUA,,,Segunda,Décimo Quarto,2023,2023-12-15,15:30,28.41,28.16,7.05,64.7,,6,4.91,63,0.0229,33.11,,3.99,2.12,0.13,10.2,15,1.3,,,"0,24",,3,,"72,1",6,2.8,67.44,BOA
340,ASSIS BRASIL,13438000,ACRE,"-10.94519817305907, -69.56617870612858",231,Primeira,Décimo quinto,2024,2024-03-26,09:20,26.55,27.79,7.2,482.45,,7,6.13,78,0.14,59,,3.9,2,0.21,325,13,1.6,,,0.035,,98.5,,107.9,8,0.33,57.55,BOA
341,BRASILEIA,13459000,ACRE,"-11.01738914711542, -68.74509646134304",187,Primeira,Décimo quinto,2024,2024-03-26,12:00,28.96,28.96,7.72,301.28,,6,6.19,80.4,0.32,73.7,,2.85,1.3,0.77,686,25,2.9,,,0.042,,57,,148.2,10,0.139,59.80,BOA
342,XAPURI,13550001,ACRE,"-10.649855917150802, -68.50740363657874",169,Primeira,Décimo quinto,2024,2024-03-27,10:50,35.46,28.74,8.17,201.44,,8,6.32,81.8,0.43,47.3,,4.92,2.34,0.23,214,20,2.8,,,0.037,,26,,120.3,16,0.18,58.81,BOA
343,SENADOR GUIOMARD,13770000,IQUIRI,"-10.078928794137362, -67.54385046135778",153,Primeira,Décimo quinto,2024,2024-03-20,10:30,33.92,26.88,6.44,32.6,,5,3.6,45,0.381,8.83,,4,2.1,0.11,99,15,0.81,,,0.03,,33,,18.1,6,0.35,62.1,BOA
344,PORTO ACRE ,13610001,ACRE,"-9.589999366418281, -67.53118182308891",122,Primeira,Décimo quinto,2024,2024-03-21,09:59,27.21,28.95,7.06,317.62,,7,4.78,62.1,0.177,26.1,,3.83,1.9,0.1,55,16,18,,,1.5,,10,,57.1,10,0.38,47.2,REGULAR
345,RIO BRANCO,13601000,ACRE,"-9.956933590645951, -67.77691156673956",133,Primeira,Décimo quinto,2024,2024-03-23,09:45,26.77,28.18,6.86,195.68,,8,5.56,71.2,0.293,31.7,,4.5,3.1,0.27,98,12,2.5,,,0.034,,9,,67,1,0.19,59.75,BOA
346,PLACIDO DE CASTRO,15324300,ABUNA,"-10.337762522149955, -67.18453628096808",126,Primeira,Décimo quinto,2024,2024-03-22,10:30,33.21,27.71,6.06,27.91,,5,3.04,38.7,0.271,13.59,,3.3,2.19,0.13,59.1,7,2.1,,,0.02,,8,,29.2,5,0.17,51.12,REGULAR
347,SENA MADUREIRA,13408000,IACO,"-9.076365258320617, -68.65452464463851",127,Primeira,Décimo quinto,2024,2024-04-16,10:40,29.23,30.03,7.81,111.86,,8,6.33,83.9,0.1053,65.9,,4.3,2.91,0.2,45,24,2.4,,,0.07,,5,,115.2,9,0.38,62.17,BOA
348,MANOEL URBANO ,13190000,PURUS,"-8.842986621185595, -69.2588725528902",144,Primeira,Décimo quinto,2024,2024-04-16,08:10,26.39,30.16,8.15,87.22,,6,6.55,86.9,0.49,138.6,,3.93,2.3,0.53,86.7,25,1.66,,,0.71,,6.3,,254.4,18,1.52,62.22,BOA
349,TARAUACA,12600002,TARAUACA,"-8.158209266596135, -70.75829372709224",161,Primeira,Décimo quinto,2024,2024-04-12,16:30,30.77,30.21,8.11,78.04,,6,6.81,90.5,0.131,124.5,,5.31,3.1,0.39,88,23,2.86,,,0.025,,11.5,,234.9,10,0.43,70.6,BOA
350,FEIJO,12660000,ENVIRA,"-8.159255993149376, -70.35470034550912",153,Primeira,Décimo quinto,2024,2024-04-15,12:30,28.22,29.8,8.13,61.34,,5,6.6,87.2,0.159,135.2,,5,3.11,0.83,195,20,3,,,0.09,,52,,252.2,15,0.101,68,BOA
351,MANCIO LIMA,12430000,MOA,"-7.620997384760779, -72.79673148076904",178,Primeira,Décimo quinto,2024,2024-04-09,14:00,34.14,26.35,7.06,20.37,,7,3.76,46.6,0.115,33.1,,3.5,2.14,0.22,95,16,1.6,,,0.021,,7.3,,24,8,0.3,67.23,BOA
352,CRUZEIRO DO SUL,12500004,JURUA,"-7.634276346822194, -72.65878283857761",165,Primeira,Décimo quinto,2024,2024-04-09,15:10,27.58,26.54,7.12,163.96,,5,3.79,47.1,0.0311,28.8,,3.19,1.31,0.09,12,10,1.7,,,0.29,,5,,52.2,5,2.21,52.98,BOA
353,ASSIS BRASIL,13438000,ACRE,"-10.94519817305907, -69.56617870612858",231,Segunda,Décimo quinto,2024,2024-06-25,07:10,21.85,26.31,7.43,26.56,,9,7.26,90.1,0.137,117,,4.33,2.93,0.19,195,15,1,,,0.029,,54,,428.1,6,0.38,70.74,BOA
354,BRASILEIA,13459000,ACRE,"-11.01738914711542, -68.74509646134304",187,Segunda,Décimo quinto,2024,2024-06-25,10:30,27.18,28.2,7.66,37.76,,5,8.13,104.2,0.292,94.7,,2.61,1.5,0.61,287,30,3.4,,,0.037,,50,,156.7,12,0.12,74.1,BOA
355,XAPURI,13550001,ACRE,"-10.649855917150802, -68.50740363657874",169,Segunda,Décimo quinto,2024,2024-06-26,10:25,29.84,27.74,7.3,48.19,,7,7.7,98,0.321,72.2,,5,3,0.3,183,25,2,,,0.04,,30,,67,13,21,71.77,BOA
356,SENADOR GUIOMARD,13770000,IQUIRI,"-10.078928794137362, -67.54385046135778",153,Segunda,Décimo quinto,2024,2024-06-20,13:10,29.34,25.38,6.77,55.55,,7,6.67,81.3,0.27,11.1,,3.8,1.71,0.16,85,10,0.5,,,0.033,,27,,18.8,4,0.24,69.82,BOA
357,PORTO ACRE ,13610001,ACRE,"-9.589999366418281, -67.53118182308891",122,Segunda,Décimo quinto,2024,2024-06-22,09:30,27.53,29.37,7.49,54.83,,6,7.43,97.3,0.139,68.5,,3.92,2.1,0.13,48.1,20,16,,,1.77,,8,,124.40,8,0.4,60.08,BOA
358,RIO BRANCO,13601000,ACRE,"-9.956933590645951, -67.77691156673956",133,Segunda,Décimo quinto,2024,2024-06-20,10:10,28.41,29.46,6.7,74.44,,6,6.67,87.5,0.31,79.7,,4.11,2.9,0.3,71.2,20,2.12,,,0.029,,6,,141.2,0.87,0.21,72.75,BOA
359,PLACIDO DE CASTRO,15324300,ABUNA,"-10.337762522149955, -67.18453628096808",126,Segunda,Décimo quinto,2024,2024-06-21,09:30,28.18,27.82,6.35,85.82,,7,7.17,91.3,0.291,15.1,,4.11,2.9,0.19,45,11,1.89,,,0.028,,5,,28.4,3,0.23,70.33,BOA
360,SENA MADUREIRA,13408000,IACO,"-9.076365258320617, -68.65452464463851",127,Segunda,Décimo quinto,2024,2024-07-02,13:30,28.83,28.25,8.66,21.54,,6,9.35,120.1,0.533,149,,3.8,2.4,0.17,51,22,1.8,,,0.05,,9,,451.3,7,0.35,73.48,BOA
361,MANOEL URBANO ,13190000,PURUS,"-8.842986621185595, -69.2588725528902",144,Segunda,Décimo quinto,2024,2024-07-02,10:30,21.84,26.99,8.1,29.46,,5,8,100.5,0.43,154.8,,3.4,2.5,0.48,98,20,1.32,,,0.51,,8,,462.6,10,0.62,70.38,BOA
362,TARAUACA,12600002,TARAUACA,"-8.158209266596135, -70.75829372709224",161,Segunda,Décimo quinto,2024,2024-06-28,15:30,31.43,31.43,7.9,36.9,,8,7.74,105,0.124,195,,5.5,3.87,0.33,74,20,2.3,,,0.032,,7,,352.2,8,0.48,73.79,BOA
363,FEIJO,12660000,ENVIRA,"-8.159255993149376, -70.35470034550912",153,Segunda,Décimo quinto,2024,2024-06-28,14:20,33.11,30.92,8.61,27.71,,10,7.65,103,0.147,129,,5.41,3.93,0.7,165,30,2.51,,,0.072,,48,,549,17,0.11,66.93,BOA
364,MANCIO LIMA,12430000,MOA,"-7.620997384760779, -72.79673148076904",178,Segunda,Décimo quinto,2024,2024-07-01,15:00,24.81,27.7,6.26,56.79,,5,6.79,86.3,0.12,37.4,,3.9,2,0.24,83.6,12,1.13,,,0.029,,8,,61.3,6,0.33,73.09,BOA
365,CRUZEIRO DO SUL,12500004,JURUA,"-7.634276346822194, -72.65878283857761",165,Segunda,Décimo quinto,2024,2024-07-01,15:45,22.49,28.22,7.05,48.48,,6,6.96,89.3,0.321,134.2,,3.14,1.7,0.1,41,14,1.21,,,0.031,,3,,236.8,6,1.7,77.87,BOA
366,ASSIS BRASIL,13438000,ACRE,"-10.94519817305907, -69.56617870612858",231,Primeira,Décimo sexto,2024,2024-09-20,13:45,33.4,28.29,7.33,10.72,,10,8.02,103,0.141,160.7,,5.11,3.9,0.28,1299,30,1.3,,,0.035,,85,,4.3,10,0.43,69.23,BOA
367,BRASILEIA,13459000,ACRE,"-11.01738914711542, -68.74509646134304",187,Primeira,Décimo sexto,2024,2024-09-21,06:30,25.7,28.91,6.84,35.67,,7,6.68,86.8,0.321,87.7,,5.11,3.7,0.97,325.5,70,3.9,,,0.041,,51,,182.7,16,0.151,59.51,BOA
368,XAPURI,13550001,ACRE,"-10.649855917150802, -68.50740363657874",169,Primeira,Décimo sexto,2024,2024-09-20,09:00,25.71,28.59,7.37,54.43,,12,7.97,102.9,0.399,89.3,,6.18,4.35,0.27,648,50,2.5,,,0.074,,44,,188.7,18,0.24,51.46,REGULAR
369,SENADOR GUIOMARD,13770000,IQUIRI,"-10.078928794137362, -67.54385046135778",153,Primeira,Décimo sexto,2024,2024-10-02,12:30,27.49,26.98,6.59,51.81,,9,5.8,72.8,0.238,19.39,,4.32,2.9,0.21,1290,30,0.9,,,0.045,,259,,30.8,6,0.31,41.31,REGULAR
370,PORTO ACRE ,13610001,ACRE,"-9.589999366418281, -67.53118182308891",122,Primeira,Décimo sexto,2024,2024-10-01,09:00,30.02,29.11,6.50,32.08,,8,6.88,89.7,0.158,83.7,,5.2,3.11,0.19,980,40,4,,,0.092,,56,,165.5,10,0.53,45.81,REGULAR
371,RIO BRANCO,13601000,ACRE,"-9.956933590645951, -67.77691156673956",133,Primeira,Décimo sexto,2024,2024-09-30,09:40,24.71,28.31,6.36,62.56,,8,5.98,76.9,0.372,96.8,,5.6,3.8,0.43,816,30,2.3,,,0.051,,241,,186.1,10,0.35,41.28,REGULAR
372,PLACIDO DE CASTRO,15324300,ABUNA,"-10.337762522149955, -67.18453628096808",126,Primeira,Décimo sexto,2024,2024-09-19,11:47,29.71,28.76,7.41,48.25,,9,8.1,104.9,0.312,18.6,,5.3,3.8,0.29,122,16,2.16,,,0.039,,32,,35.4,5,0.7,61.66,BOA
373,SENA MADUREIRA,13408000,IACO,"-9.076365258320617, -68.65452464463851",127,Primeira,Décimo sexto,2024,2024-09-27,08:37,24.14,29.08,6.32,48.79,,10,6.21,81,0.612,241,,5.71,3.9,0.35,467,60,1.4,,,0.062,,59,,507,11,0.42,42.78,REGULAR
374,MANOEL URBANO ,13190000,PURUS,"-8.842986621185595, -69.2588725528902",144,Primeira,Décimo sexto,2024,2024-09-27,07:00,25.02,29.18,7.39,61.82,,13,6.72,87.8,0.521,277,,7.1,5.11,0.82,490.00,80,3,,,0.72,,39,,467.7,12,0.71,36.19,RUIM
375,TARAUACA,12600002,TARAUACA,"-8.158209266596135, -70.75829372709224",161,Primeira,Décimo sexto,2024,2024-09-25,13:50,27.57,32.79,7.74,59.44,,15,8.3,115.2,0.154,66.8,,6.1,4.9,0.56,770,80,2.9,,,0.071,,63,,357.2,10,0.61,40.79,REGULAR
376,FEIJO,12660000,ENVIRA,"-8.159255993149376, -70.35470034550912",153,Primeira,Décimo sexto,2024,2024-09-26,13:30,29.32,31.75,7.26,66.31,,16,7.52,102.6,0.212,257,,6.51,4.8,0.68,616.7,90,2.9,,,0.092,,123,,559,20,0.121,40.12,REGULAR
377,MANCIO LIMA,12430000,MOA,"-7.620997384760779, -72.79673148076904",178,Primeira,Décimo sexto,2024,2024-09-24,14:15,27.37,32.74,6.52,53.39,,10,8.73,121.1,0.13,33.4,,3.81,2.9,0.41,920,60,1.2,,,0.035,,95,,65.1,8,0.39,43.4,REGULAR
378,CRUZEIRO DO SUL,12500004,JURUA,"-7.634276346822194, -72.65878283857761",165,Primeira,Décimo sexto,2024,2024-09-23,15:20,30.52,31.17,7.01,53.7,,11,7.09,95.8,0.213,120.5,,6.1,4.12,0.44,1203,150,3.9,,,0.033,,70,,259.3,12,0.55,51.49,REGULAR
379,ASSIS BRASIL,13438000,ACRE,"-10.94519817305907, -69.56617870612858",231,Primeira,Decimo setimo,2025,2025-04-04,09:20,25.81,26.66,6.74,870.61,,8,8.08,100.8,0.459,3,,4.4,2.5,1.6,1732,23,1.9,,,0.033,,579,,126.7,12,2.13,53.19,BOA
380,BRASILEIA,13459000,ACRE,"-11.01738914711542, -68.74509646134304",187,Primeira,Decimo setimo,2025,2025-04-03,12:30,25.98,26.55,6.67,602.72,,7,7.06,87.9,0.592,46.8,,3.9,2.5,1,1553,40,2.18,,,0.034,,648,,99.3,11,2.11,53.34,BOA
381,XAPURI,13550001,ACRE,"-10.649855917150802, -68.50740363657874",169,Primeira,Decimo setimo,2025,2025-04-04,13:30,26.28,27.13,6.68,541.44,,10,7.26,91.4,0.494,37.3,,4.92,3.2,1.9,770,20,1.5,,,0.066,,84.4,,94.1,10,1,55.53,BOA
382,SENADOR GUIOMARD,13770000,IQUIRI,"-10.078928794137362, -67.54385046135778",153,Primeira,Decimo setimo,2025,2025-04-02,13:00,26.8,25.84,5.5,26.58,,8,5.14,63.1,0.401,9.33,,3.9,2.4,1.1,313,6,1.4,,,0.0354,,55,,19.6,4,0.91,61.34,BOA
383,PORTO ACRE ,13610001,ACRE,"-9.589999366418281, -67.53118182308891",122,Primeira,Decimo setimo,2025,2025-04-01,09:50,28.03,27.6,6.5,252.36,,5,6.04,76.6,0.411,24.8,,4.3,2.1,1.3,436,12,2.11,,,0.069,,10,,50.9,8,1,59.83,BOA
384,RIO BRANCO,13601000,ACRE,"-9.956933590645951, -67.77691156673956",133,Primeira,Decimo setimo,2025,2025-03-31,16:30,25.92,27.24,5.79,228.31,,12,5.96,75.2,0.531,26.1,,4.4,3.5,1.8,85,8,1.83,,,0.036,,12,,53,6,1.7,56.12,BOA
385,PLACIDO DE CASTRO,15324300,ABUNA,"-10.337762522149955, -67.18453628096808",126,Primeira,Decimo setimo,2025,2025-04-02,10:00,25.83,26.35,5.2,34.43,,5,5.15,63.9,0.36,10.2,,4.5,3.3,1.5,631,10,1.77,,,0.036,,49,,19.7,7,1.1,60.12,BOA
386,SENA MADUREIRA,13408000,IACO,"-9.076365258320617, -68.65452464463851",127,Primeira,Decimo setimo,2025,2025-03-27,07:50,25.51,27.72,6.42,730.54,,12,6.29,80,0.556,39.5,,3.72,1.29,2,343.3,50,1.4,,,0.056,,88,,79.6,10,1.36,53.62,BOA
387,MANOEL URBANO ,13190000,PURUS,"-8.842986621185595, -69.2588725528902",144,Primeira,Decimo setimo,2025,2025-03-26,16:00,27.01,27.89,6.66,630.4,,6,6.71,85.5,0.363,69.9,,4.2,3.1,1.2,135,60,3.11,,,0.0342,,3,,147.1,9,1.3,64.72,BOA
388,TARAUACA,12600002,TARAUACA,"-8.158209266596135, -70.75829372709224",161,Primeira,Decimo setimo,2025,2025-03-24,16:00,27.85,27.91,6.89,467.6,,7,6.89,87.9,0.295,66.9,,4.15,2.2,1.7,590,64,2.21,,,0.056,,80,,140.3,6,0.82,58.04,BOA
389,FEIJO,12660000,ENVIRA,"-8.159255993149376, -70.35470034550912",153,Primeira,Decimo setimo,2025,2025-03-25,16:50,30.66,27.66,6.77,384.4,,14,6.95,88.3,0.576,82.4,,3.82,1.8,1.3,153,75,3,,,0.0431,,7,,167.3,16,1.8,58.75,BOA
390,MANCIO LIMA,12430000,MOA,"-7.620997384760779, -72.79673148076904",178,Primeira,Decimo setimo,2025,2025-03-18,13:30,28.43,25,5.35,9.73,,6,3.39,41,0.24,12.9,,2.01,1.6,1.3,139.6,20,0.9,,,0.04,,16.9,,20.6,8,0.9,58.45,BOA
391,CRUZEIRO DO SUL,12500004,JURUA,"-7.634276346822194, -72.65878283857761",165,Primeira,Decimo setimo,2025,2025-03-19,16:52,24.79,25.7,6.1,521.88,,8,4.34,53.3,0.821,39.5,,5.2,3.9,2.1,1980,33,2.3,,,0.041,,160,,82.8,9,0.7,48.13,REGULAR
392,PORTO WALTER,12389000,JURUA,"-8.263677845414033, -72.74170231804855",201,Primeira,Decimo setimo,2025,2025-03-21,16:14,24.15,25.75,5.79,452.41,,12,5.24,64.3,0.337,48.7,,3.1,1.9,0.9,63,41,3.7,,,0.031,,6,,101.5,10,1.5,54.16,BOA
393,MARECHAL THAUMATURGO,12369000,JURUA,"-8.949068661768846, -72.78461476983797",208,Primeira,Decimo setimo,2025,2025-03-21,05:30,24.17,26.08,6.33,553.04,,5,6.61,81.7,0.432,63.8,,2.9,1.8,0.6,960,69,1.4,,,0.03,,38,,132.2,18,0.8,60.16,BOA
394,ASSIS BRASIL,13438000,ACRE,"-10.94519817305907, -69.56617870612858",231,Segunda,Decimo setimo,2025,2025-06-20,07:30,23.61,27.22,7.63,43.1,,6,7.09,89.4,0.611,138.5,,4.6,2.9,1.83,920,30,2.8,,,0.027,,330,,216.5,8,3.2,66.24,BOA
395,BRASILEIA,13459000,ACRE,"-11.01738914711542, -68.74509646134304",187,Segunda,Decimo setimo,2025,2025-06-19,13:00,34.13,27.41,7.54,37.86,,5,7.88,99.6,0.383,55.5,,4.21,1.95,1.89,770,30,1.95,,,0.028,,284,,83.2,10,3.17,68.12,BOA
396,XAPURI,13550001,ACRE,"-10.649855917150802, -68.50740363657874",169,Segunda,Decimo setimo,2025,2025-06-19,10:00,29.79,27.16,7.16,48.2,,12,7.33,92.3,0.349,49.1,,4.62,2.81,1.5,547,28,1.3,,,0.072,,63,,73.8,13,1.17,64.39,BOA
397,SENADOR GUIOMARD,13770000,IQUIRI,"-10.078928794137362, -67.54385046135778",153,Segunda,Decimo setimo,2025,2025-06-18,08:40,25.4,23.86,6.11,56.63,,5,6.93,82.4,0.309,7.46,,3.11,1.9,1.21,420,10,2.16,,,0.025,,87,,11.5,6,0.4,66.71,BOA
398,PORTO ACRE ,13610001,ACRE,"-9.589999366418281, -67.53118182308891",122,Segunda,Decimo setimo,2025,2025-06-16,10:45,26.48,26.52,7.09,55.1,,5,7.5,93.3,0.371,44.6,,5.1,2.99,1.18,250,16,2.5,,,0.073,,18,,69.1,10,1.11,72.6,BOA
399,RIO BRANCO,13601000,ACRE,"-9.956933590645951, -67.77691156673956",133,Segunda,Decimo setimo,2025,2025-06-15,11:00,26.7,26.23,7.06,74.21,,6,7.46,92.4,0.429,45.2,,3.8,2.91,1.6,66,6,1.42,,,0.027,,10,,72.1,4,1.8,72.86,BOA
400,PLACIDO DE CASTRO,15324300,ABUNA,"-10.337762522149955, -67.18453628096808",126,Segunda,Decimo setimo,2025,2025-06-18,11:37,30.13,24.8,6.34,85.52,,6,7.42,89.4,0.33,11.9,,4.7,2.3,1.18,372,8,1.17,,,0.025,,25,,14.3,5,0.9,67.2,BOA
401,SENA MADUREIRA,13408000,IACO,"-9.076365258320617, -68.65452464463851",127,Segunda,Decimo setimo,2025,2025-06-19,10:29,25.95,28.83,7.5,35.87,,10,6.8,89.40,0.395,99.5,,4.1,2.17,1.39,290,30,1.8,,,0.049,,61,,214.2,8,2,68.45,BOA
402,MANOEL URBANO ,13190000,PURUS,"-8.842986621185595, -69.2588725528902",144,Segunda,Decimo setimo,2025,2025-06-19,07:50,26.04,28.07,7.85,113.26,,8,7.22,92.5,0.298,140.2,,4.1,2.91,1,116,40,2.24,,,0.0285,,14,,311.4,12,1.5,61.47,BOA
403,TARAUACA,12600002,TARAUACA,"-8.158209266596135, -70.75829372709224",161,Segunda,Decimo setimo,2025,2025-06-17,14:45,24.74,28.36,7.55,161.88,,5,7.19,92.5,0.32,121.6,,3.89,2,1.4,416,50,2.7,,,0.048,,110,,284.4,8,1.31,57.91,BOA
404,FEIJO,12660000,ENVIRA,"-8.159255993149376, -70.35470034550912",153,Segunda,Decimo setimo,2025,2025-06-18,15:30,26.93,28.18,7.56,128.75,,10,6.84,87.7,0.61,158.4,,4.17,2.11,1.71,190,52,2.61,,,0.0391,,13,,316,19,2.12,59.87,BOA
405,MANCIO LIMA,12430000,MOA,"-7.620997384760779, -72.79673148076904",178,Segunda,Decimo setimo,2025,2025-06-16,15:56,24.62,24.84,5.48,35.46,,8,5.72,69,0.198,14.11,,3.95,2.4,1.7,210,28,,,,0.038,,21,,26.7,10,0.5,63.17,BOA
406,CRUZEIRO DO SUL,12500004,JURUA,"-7.634276346822194, -72.65878283857761",165,Segunda,Decimo setimo,2025,2025-06-16,15:10,24.16,25.55,6.3,90.35,,7,6.26,76.6,0.293,41.8,,4.19,2.13,1,692,30,1.9,,,0.032,,63,,85.7,14,1.3,63.11,BOA
407,ASSIS BRASIL,13438000,ACRE,"-10.94519817305907, -69.56617870612858",231,Primeira,Decimo oitavo,2025,2025-09-18,17:00,24.3,32.31,7.55,30.9,,6,8.04,110.7,0.324,161.3,,3.87,2.3,0.11,26,9,0.9,,,0.04,,8,,292.3,5,0.16,76.55,BOA
408,BRASILEIA,13459000,ACRE,"-11.01738914711542, -68.74509646134304",187,Primeira,Decimo oitavo,2025,2025-09-19,08:20,27.24,29.04,7.64,82.78,,5,7.54,98.2,0.291,99.5,,5.1,4.12,0.13,18,6,1.3,,,0.03,,5,,163.2,4,0.09,74.21,BOA
409,XAPURI,13550001,ACRE,"-10.649855917150802, -68.50740363657874",169,Primeira,Decimo oitavo,2025,2025-09-18,13:00,28.66,30.98,7.59,28.74,,7,8.42,113.3,0.257,74.7,,3.9,2.18,0.1,12,8,1.7,,,0.038,,4,,127.2,5,0.11,77.87,BOA
410,SENADOR GUIOMARD,13770000,IQUIRI,"-10.078928794137362, -67.54385046135778",153,Primeira,Decimo oitavo,2025,2025-09-15,12:00,27.18,25.93,5.93,58.54,,6,6.66,82,0.297,13.3,,3,2,0.1,11,9,1,,,0.023,,8,,23.5,6,0.08,70.14,BOA
411,PORTO ACRE ,13610001,ACRE,"-9.589999366418281, -67.53118182308891",122,Primeira,Decimo oitavo,2025,2025-09-16,09:30,27.32,25.33,5.4,23.91,,7,8.9,108.4,0.038,81.1,,4.11,2.7,0.19,20,10,0.9,,,0.042,,12,,3.3,8,0.592,68.11,BOA
412,RIO BRANCO,13601000,ACRE,"-9.956933590645951, -67.77691156673956",133,Primeira,Decimo oitavo,2025,2025-09-16,12:25,32.01,30.34,7.31,157.74,,6,6.92,92.2,0.24,72.5,,3,2.1,0.11,11,8,1.17,,,0.02,,5,,141,5,0.07,65.97,BOA
413,PLACIDO DE CASTRO,15324300,ABUNA,"-10.337762522149955, -67.18453628096808",126,Primeira,Decimo oitavo,2025,2025-09-17,14:40,28.24,29.56,6.66,64.85,,5,7.65,100.5,0.299,20.9,,2.12,1,0.2,19,20,1.5,,,0.011,,6,,29.4,10,0.31,76.72,BOA
414,SENA MADUREIRA,13408000,IACO,"-9.076365258320617, -68.65452464463851",127,Primeira,Decimo oitavo,2025,2025-09-26,17:10,24.04,29.68,8.04,78.99,,6,8.46,111.4,0.235,234,,4.3,3,0.09,25.3,10,1.3,,,0.03,,8,,415.8,6,0.13,47.18,REGULAR
415,MANOEL URBANO ,13190000,PURUS,"-8.842986621185595, -69.2588725528902",144,Primeira,Decimo oitavo,2025,2025-09-26,15:00,26.59,29.32,8.13,44.34,,8,7.73,101.2,0.053,245,,3.11,2.24,0.13,19,11,0.7,,,0.049,,5,,433.9,6,0.44,74.16,BOA
416,TARAUACA,12600002,TARAUACA,"-8.158209266596135, -70.75829372709224",161,Primeira,Decimo oitavo,2025,2025-09-25,15:00,24.03,28.35,7.74,31.45,,6,7.7,99,0.224,134,,0.8,1,0.2,28,11,2.9,,,0.0216,,12,,229.8,7,0.1,79.03,BOA
417,FEIJO,12660000,ENVIRA,"-8.159255993149376, -70.35470034550912",153,Primeira,Decimo oitavo,2025,2025-09-25,16:15,25.07,27.76,7.53,32.16,,7,6.68,85.1,0.151,183.2,,2.8,1.9,0.18,21,10,1.13,,,0.29,,8.9,,327.3,6,0.21,70.28,BOA
418,MANCIO LIMA,12430000,MOA,"-7.620997384760779, -72.79673148076904",178,Primeira,Decimo oitavo,2025,2025-09-24,15:00,23.59,28.6,6.76,61.47,,5,7.06,91.1,0.021,33.8,,2.5,1.81,0.07,20,10,0.8,,,0.022,,5,,42.5,6,2.3,76.79,BOA
419,CRUZEIRO DO SUL,12500004,JURUA,"-7.634276346822194, -72.65878283857761",165,Primeira,Decimo oitavo,2025,2025-09-23,16:40,25.47,30.39,7.37,52.4,,6,7.02,93.5,0.11,89.4,,2.4,1.5,0.12,7,10,1,,,0.1,,3,,150.3,7,3.5,77.19,BOA
420,SANTA ROSA DO PURUS,13169900,PURUS,"-8.263677845414033, -72.74170231804855",201,Primeira,Decimo oitavo,2025,2025-09-24,06:45,28.05,22.53,6.5,11.53,,8,8.82,101.9,0.039,214,,3.17,1.81,0.17,17,8,0.8,,,0.028,,5.9,,13.4,5,1.1,77.39,BOA
421,MARECHAL THAUMATURGO,12369000,JURUA,"-8.949068661768846, -72.78461476983797",208,Primeira,Decimo oitavo,2025,2025-10-03,08:10,25.27,24.9,7.76,50.2,,5,8.19,99,0.089,108.2,,2.5,1.8,0.17,30.7,6,0.9,,,0.039,,10,,8.9,4,0.09,76.97,BOA
422,PORTO WALTER,12389000,JURUA,"-8.263677845414033, -72.74170231804855",192,Primeira,Decimo oitavo,2025,2025-10-01,06:50,29.06,24.7,7.36,38.79,,5,8.56,103,0.029,108.2,,2.9,1.1,0.16,90,8,0.8,,,0.023,,15,,6.6,4,0.09,77.19,BOA
423,JORDÃO,12557000,TARAUACA,"-9.186558122532947, -71.95293527486463",264,Primeira,Decimo oitavo,2025,2025-10-16,08:12,26.44,26.33,7.36,16.4,,7,8.09,100.5,0.039,181.5,,2.91,1.5,0.25,80,11,1.3,,,0.021,,20,,3.9,6,0.13,76.68,BOA
424,ASSIS BRASIL,13438000,ACRE,"-10.94519817305907, -69.56617870612858",231,Segunda,Decima oitava,2025,2025-12-22,14:30,26.98,29.64,6.98,314.43,,5,7.02,92.3,0.1248,62.1,,3.17,1.84,0.9,410,10,1.4,,,0.039,,36,,137.9,6,0.16,62.31,BOA
425,BRASILEIA,13459000,ACRE,"-11.01738914711542, -68.74509646134304",187,Segunda,Decima oitava,2025,2025-12-23,06:30,23.92,27.2,6.8,355.23,,7,7.17,90.3,0.1057,36.3,,3.77,2.98,1.18,24,12,1.51,,,0.025,,5,,72.5,4,0.12,64.17,BOA
426,XAPURI,13550001,ACRE,"-10.649855917150802, -68.50740363657874",169,Segunda,Decima oitava,2025,2025-12-23,08:00,25.9,25.97,6.76,204.98,,6,7.2,88.7,0.09908,28.8,,4.11,26.6,0.8,11,16,1.3,,,0.03,,2,,52.7,8,0.09,65.88,BOA
427,SENADOR GUIOMARD,13770000,IQUIRI,"-10.078928794137362, -67.54385046135778",153,Segunda,Decima oitava,2025,2025-12-09,10:47,25.95,24.73,5.73,63.51,,5,5.69,68.5,0.334,14.95,,3.9,2.18,0.1,513,8,0.8,,,0.03,,133,,24.6,6,0.09,60.58,BOA
428,PORTO ACRE,13610001,ACRE,"-9.589999366418281, -67.53118182308891",122,Segunda,Decima oitava,2025,2025-12-08,11:00,,,,,,5,,,0.585,31.6,,3.16,1.9,1,146,12,1.2,,,0.039,,13,,,8,0.1,,SEM INFORMAÇÃO
429,RIO BRANCO,13601000,ACRE,"-9.956933590645951, -67.77691156673956",133,Segunda,Decima oitava,2025,2025-12-12,07:00,25.71,25.71,6.51,266.87,,7,5.59,68.5,0.178,26.2,,4.11,2.5,0.19,148,16,1.4,,,0.024,,9,,54.5,8,0.24,59.67,BOA
430,PLACIDO DE CASTRO,15324300,ABUNA,"-10.337762522149955, -67.18453628096808",126,Segunda,Decima oitava,2025,2025-12-09,08:10,25.04,25.13,5.99,67.51,,6,6.49,78.7,0.015,12.5,,1.8,0.9,0.6,11,6,1.18,,,0.019,,4,,24.7,4,0.05,71.55,BOA
431,SENA MADUREIRA,13408000,IACO,"-9.076365258320617, -68.65452464463851",127,Segunda,Decima oitava,2025,2025-12-18,09:45,24.9,26.23,6.62,212.07,,5,5.24,64.9,0.0459,44.7,,3.99,2.11,1,356,10,1.17,,,0.028,,129,,91.6,6,0.05,55.39,BOA
432,MANOEL URBANO,13190000,PURUS,"-8.842986621185595, -69.2588725528902",144,Segunda,Decima oitava,2025,2025-02-18,07:50,23.66,26.32,6.85,165.64,,6,6.31,78.3,0.01467,67.8,,4.12,2.49,0.11,870,12,0.9,,,0.038,,186,,143,8,2,56.31,BOA
433,TARAUACA,12600002,TARAUACA,"-8.158209266596135, -70.75829372709224",161,Segunda,Decima oitava,2025,2025-12-17,07:45,24.66,27.09,7.07,94.93,,7,6.59,82.8,0.139,83.2,,3.1,1.19,1.12,689,8,1.9,,,0.021,,141,,178.9,5,3,63.96,BOA
434,FEIJÓ,12660000,ENVIRA,"-8.159255993149376, -70.35470034550912",153,Segunda,Decima oitava,2025,2025-12-17,10:00,22.26,25.87,6.81,120.85,,5,6.12,75.2,0.0256,29.9,,2.7,1.3,0.7,244.8,12,1.6,,,0.251,,30,,161.7,9,1.9,57.43,BOA
435,MÂNCIO LIMA,12430000,MOA,"-7.620997384760779, -72.79673148076904",178,Segunda,Decima oitava,2025,2025-12-16,15:00,26.85,25.46,6.05,33.92,,6,2.47,30.1,0.0146,13.72,,3,1.99,0.9,986,6,1.1,,,0.027,,170,,32.6,3,0.09,51.81,BOA
436,CRUZEIRO DO SUL,12500004,JURUA,"-7.634276346822194, -72.65878283857761",165,Segunda,Decima oitava,2025,2025-12-16,15:51,27.01,25.7,5.97,47.37,,7,3.82,46.8,0.04,31.7,,3.4,1.8,0.09,480,11,0.8,,,0.011,,150,,62.9,4,0.12,55.81,BOA
437,ASSIS BRASIL ,13438000,ACRE ,"-10.94519817305907, -69.56617870612858",231,Primeira,Decima Nona,2026,2026-04-09,14:00,27.19,27.14,8.67,600.37,,10,6.33,79.7,0.037,31.28,,6.72,3.81,1.5,"2,419,00",42,1.9,,,0.04,,1120,,91.9,5,0.19,47.29,REGULAR
438,BRASILEIA,13459000,ACRE,"-11.01738914711542, -68.74509646134304",187,primeira,Decima Nona,2026,2026-04-10,06:10,24.42,26.74,8.68,361.13,,12,6.81,85.1,0.032,27.42,,6.9,3.4,1.3,1732,46,1.8,,,0.045,,980,,64.8,8,0.16,46.75,REGULAR
439,XAPURI,13550001,ACRE,"-10.649855917150802, -68.50740363657874",169,Primeira,Decima Nona,2026,2026-04-09,10:00,29.57,28.16,7.67,322.28,,10,6.91,88.6,0.25,25.1,,6.7,3.81,1.1,489,40,2,,,0.039,,71,,73.5,6,0.2,55.8,BOA
440,SENADOR GUIOMARD,13770000, IQUIRI,"-10.078928794137362, -67.54385046135778",153,Primeira,Decima Noma,2026,2026-04-07,09:00,29.43,26.14,8.16,25.47,,6,4.89,60.5,0.14,16.7,,1.1,6,0.2,187,20,0.4,,,4.3,,4,,19.5,3,0.14,55.91,BOA
441,PORTO ACRE ,13610001,ACRE,"-9.589999366418281, -67.53118182308891",122,Primeira ,Decima Nona,2026,2026-04-08,15:45,27.53,27.09,6.36,249.7,,6,5.73,72.1,0.142,14.27,,6.11,2.3,0.71,99,38,0.8,,,0.021,,2,,41.1,4,0.08,58.88,BOA
442,RIO BRANCO ,13601000,ACRE,"-9.956933590645951, -67.77691156673956",133,Primeira,Decima Noma,2026,2026-04-06,09:00,27.7,26.36,8.75,233.87,,5,5.79,71.9,0.132,14.2,,6.7,3.1,0.12,20,20,0.9,,,0.017,,5,,42.4,3,0.13,59.42,BOA
443,PLÁCIDO DE CASTRO,15324300, ABUNÃ,"-10.337762522149955, -67.18453628096808",126,Primeira ,Decima Nona,2026,2026-04-07,10:00,30.31,26.22,7.32,32.29,,5,4.61,57.1,0.104,10.49,,3.7,1.99,0.21,110,22,1,,,0.014,,5,,19.9,3,0.11,72.64,BOA
444,SENA MADUREIRA,13408000,IACO,"-9.076365258320617, -68.65452464463851",127,Primeira,Decima Nona,2026,2026-03-24,10:00,25.04,25.13,5.99,24.7,,7,6.49,78.7,0.19,19.83,,3.5,1.9,0.8,13,30,0.8,,,0.018,,4,,24.7,4,0.11,73.93,BOA
445,MANOEL URBANO,13190000,PURUS,"-8.842986621185595, -69.2588725528902",144,Primeira,Decima Nona ,2026,2026-03-23,10:00,25.71,25.71,6.51,300.04,,8,5.59,68.5,0.134,16.35,,6.21,3.16,0.09,33,32,1.3,,,0.027,,18,,54.5,5,1.1,56.8,BOA
446,TARAUACA,12600002,TARAUACA,"-8.158209266596135, -70.75829372709224",161,Primeira ,Decima Nona,2026,2026-03-19,07:50,31.92,28.21,7.34,274.32,,10,6.39,82,0.537,64.91,,5,2.18,2.11,345,150,2.16,,,0.03,,10,,193,10,4,60.1,BOA
447,FEIJÓ,12660000,ENVIRA,"-8.159255993149376, -70.35470034550912",153,Primeira,Decima Nona,2026,2026-03-20,17:00,26.77,27.86,7.49,327.12,,7,6.32,80.6,0.727,73.87,,6.11,2.4,0.3,141,50,1,,,0.171,,2,,216.2,6,2.18,61.64,BOA
448,MÂNCIO LIMA,12430000,MOA,"-7.620997384760779, -72.79673148076904",178,Primeira,Decima Nona,2026,2026-03-18,15:30,25.74,25.3,6.65,324,,8,8.59,104.5,0.11,11.6,,5.7,12.5,12.5,172,38,1.9,,,0.02,,172,,6.3,4,1.8,55.5,BOA
449,CRUZEIRO DO SUL,12500004, JURUÁ,"-7.634276346822194, -72.65878283857761",165,Primeira,Decima Nona,2026,2026-03-18,15:00,26.15,26.29,7.07,243.56,,12,4.31,53.4,0.184,22.08,,7.11,3.5,1,510,22,1.8,,,0.016,,289,,66.9,2,0.1,46.76,REGULAR
450,MARECHAL THAUMATURGO,12369000,JURUÁ,"-8.949068661768846, -72.78461476983797",208,Primeira,Decima Nona,2026,2026-03-17,10:00,29.06,26.23,7.53,501.16,,9,4.01,49.7,0.03,31.72,,7,3,1,1299,40,2.1,,,0.12,,613,,101,10,2.3,44.31,REGULAR
451,PORTO WALTER,12389000,JURUA,"-8.263677845414033, -72.74170231804855",192,Primeira ,Decima Nona ,2026,2026-03-17,12:00,29.25,25.7,5.97,605,,7,3.82,46.8,0.035,31.85,,6.3,2.9,0.12,1732,52,2.1,,,0.021,,816,,62.9,8,1,42.95,REGULAR
